id;room;series;gym;running;viajes;leer;escribir;videojuegos;musica;podcast
1;3;0;1;0;0;1;1;0;0;1
2;3;0;1;0;1;1;0;0;0;1
3;2;1;1;0;0;0;1;1;1;1
4;1;1;0;1;0;0;0;0;0;1
5;1;0;1;1;0;0;1;1;1;0
6;3;1;0;1;1;0;0;1;1;0
7;3;0;0;0;0;0;0;1;0;0
8;2;0;1;0;0;1;0;0;0;0
9;1;1;0;1;0;1;0;0;0;0
10;2;0;0;1;0;0;1;0;1;1
11;2;1;0;1;0;1;0;1;0;1
12;1;1;1;0;1;1;0;1;0;1
13;2;1;1;0;0;1;1;1;1;1
14;2;0;0;0;0;1;1;1;1;0
15;1;1;1;0;1;0;0;1;0;0
16;1;0;0;1;0;0;1;1;1;0
17;3;1;1;1;0;1;0;0;1;1
18;3;0;1;0;0;0;1;1;0;0
19;1;0;1;0;0;1;0;0;1;0
20;3;0;0;0;1;1;0;1;0;1
21;1;0;1;1;1;1;0;1;0;1
22;1;1;0;1;1;1;1;0;1;1
23;3;1;0;1;0;1;0;0;1;0
24;2;0;0;0;1;1;1;1;1;0
25;3;0;1;0;1;1;0;0;0;0
26;1;1;0;1;0;0;1;0;0;0
27;3;0;1;1;0;1;1;0;0;0
28;2;0;1;0;1;0;0;0;0;1
29;1;0;0;0;0;1;1;0;0;1
30;2;1;0;0;0;0;0;1;1;0
31;3;0;1;0;1;0;0;1;1;1
32;3;1;0;1;0;1;0;1;1;0
33;1;1;0;0;1;0;1;1;1;1
34;1;1;1;1;1;1;0;1;1;1
35;1;1;1;1;0;0;0;0;1;1
36;1;1;0;0;1;1;0;0;0;0
37;1;1;1;0;1;0;0;0;1;1
38;3;0;0;1;0;1;0;1;0;0
39;2;0;0;1;0;1;1;0;0;1
40;1;1;1;1;0;1;0;0;0;1
41;1;1;1;0;0;1;1;0;1;0
42;3;1;0;1;0;0;1;0;1;0
43;2;0;0;0;1;1;1;0;1;1
44;2;1;1;0;1;1;0;1;0;0
45;2;1;1;0;1;1;0;0;1;0
46;3;0;0;1;1;1;0;1;0;0
47;2;1;0;0;0;1;1;0;0;1
48;2;1;0;0;1;1;1;0;1;0
49;1;1;0;0;0;0;0;1;0;1
50;2;0;0;0;1;0;1;1;0;0
51;3;1;0;0;1;1;1;1;0;0
52;2;0;0;0;1;0;0;0;0;0
53;3;1;1;0;0;1;1;1;1;1
54;1;0;1;0;0;1;1;1;1;1
55;3;0;1;1;1;1;0;0;0;0
56;3;1;1;0;0;1;1;0;1;0
57;1;0;0;0;0;1;0;0;0;1
58;2;1;0;0;1;1;1;1;1;1
59;2;1;1;0;0;0;1;0;1;0
60;3;1;1;1;0;1;0;0;0;0
61;2;1;0;1;1;0;0;1;0;1
62;3;1;1;1;0;1;1;1;1;0
63;1;1;0;0;0;0;1;1;1;1
64;2;0;1;0;1;0;1;0;1;0
65;2;0;1;1;1;1;1;1;0;1
66;2;0;0;0;1;1;0;1;0;0
67;3;1;1;0;1;0;0;1;1;1
68;2;0;1;1;1;0;0;0;1;0
69;1;1;1;1;1;1;1;1;0;0
70;1;1;1;1;0;0;0;1;1;0
71;2;1;1;1;1;1;1;0;0;0
72;3;0;1;1;0;1;0;0;1;1
73;1;1;1;1;0;1;1;0;1;1
74;3;0;1;0;0;0;1;1;0;1
75;3;0;0;0;0;1;0;0;1;1
76;3;1;1;0;0;0;1;0;1;0
77;3;1;0;0;0;0;1;0;1;1
78;2;1;0;1;0;0;0;1;0;0
79;2;0;1;1;1;0;1;1;0;1
80;3;0;0;0;1;0;1;0;0;0
81;2;0;0;0;0;0;1;0;0;1
82;2;1;0;0;1;0;1;1;1;0
83;2;1;0;1;1;1;0;0;1;1
84;3;1;0;1;0;0;0;0;0;0
85;1;0;0;0;1;0;1;1;0;0
86;2;0;1;0;1;0;0;0;1;0
87;3;1;1;0;0;1;0;1;0;0
88;1;1;1;0;0;1;1;1;1;0
89;1;1;0;1;0;1;0;0;1;0
90;2;0;1;0;0;1;0;0;0;1
91;2;0;0;1;0;1;1;0;1;1
92;1;1;0;1;1;0;1;1;1;0
93;1;0;0;0;1;1;1;1;1;1
94;3;0;1;0;0;0;1;0;0;0
95;2;1;0;1;1;0;0;1;1;0
96;3;1;0;1;1;0;0;1;1;1
97;2;1;0;0;0;1;1;1;0;1
98;2;1;0;1;1;1;0;1;1;1
99;3;1;1;0;1;0;0;0;0;0
100;3;0;0;0;0;1;0;1;0;1
101;1;1;1;0;0;0;1;1;1;1
102;3;0;0;0;0;0;0;1;1;0
103;1;0;0;1;0;0;0;1;1;0
104;1;0;0;1;0;1;1;0;1;1
105;2;0;0;1;0;1;1;0;0;1
106;3;0;1;0;0;1;1;1;1;0
107;1;0;1;0;1;1;0;1;0;0
108;3;1;1;0;1;0;0;1;1;0
109;1;0;1;0;1;0;1;0;1;0
110;2;0;1;1;0;0;1;0;1;1
111;1;0;1;0;0;1;0;1;0;0
112;2;0;0;0;0;0;1;1;1;0
113;1;0;1;0;0;1;0;1;0;0
114;1;1;0;1;0;1;0;0;1;0
115;2;0;0;1;1;0;1;1;1;1
116;2;1;1;0;0;0;1;1;0;1
117;1;0;0;0;1;1;0;0;0;0
118;3;0;1;0;0;1;1;1;1;0
119;2;0;0;1;1;0;0;1;0;1
120;1;1;1;1;0;1;1;0;0;1
121;1;0;1;1;0;1;1;1;0;0
122;3;0;1;1;0;1;0;0;0;0
123;1;0;1;0;0;1;0;0;0;1
124;3;0;1;1;1;0;1;0;1;1
125;1;1;1;0;1;1;1;1;1;0
126;3;0;1;0;0;0;1;1;1;0
127;1;1;1;1;1;1;1;1;1;1
128;1;1;0;1;0;1;1;0;0;0
129;2;1;0;0;1;1;0;0;1;1
130;1;1;0;0;0;1;1;1;0;1
131;2;0;1;0;1;1;1;0;0;1
132;2;1;0;0;1;0;0;1;1;0
133;1;0;0;0;1;1;1;0;0;1
134;1;1;1;1;1;1;0;1;0;1
135;1;1;1;0;1;0;1;0;0;1
136;3;0;0;1;0;0;0;0;0;1
137;2;0;1;0;1;0;1;0;1;0
138;1;1;1;0;1;1;0;0;0;0
139;3;1;0;0;1;1;1;0;0;0
140;1;0;1;1;0;1;0;1;1;1
141;1;1;0;1;0;0;0;1;1;1
142;3;1;1;0;1;1;1;1;1;0
143;1;1;0;1;1;0;1;0;0;0
144;1;0;1;1;1;0;1;0;0;1
145;2;0;1;0;1;0;1;0;0;0
146;3;1;0;0;1;0;1;1;0;0
147;2;0;1;1;1;0;1;1;1;0
148;3;1;1;1;0;1;0;1;1;0
149;3;0;0;0;0;0;0;1;1;0
150;2;1;1;0;0;0;1;0;0;0
151;3;1;1;1;0;1;1;1;0;0
152;3;0;1;1;1;1;1;1;0;1
153;3;1;1;0;1;0;0;0;0;1
154;3;0;1;0;1;1;1;1;0;0
155;2;0;1;1;0;1;0;1;0;1
156;3;1;1;0;1;1;0;1;0;0
157;3;1;1;0;1;1;1;0;0;1
158;2;1;1;1;0;1;1;1;0;0
159;3;1;0;0;0;0;1;1;0;1
160;2;0;1;1;0;1;0;0;0;0
161;2;0;0;1;0;0;1;0;0;0
162;2;0;1;1;1;0;0;1;0;1
163;1;1;1;1;1;1;0;1;0;1
164;3;0;1;0;1;1;1;0;0;0
165;3;1;1;0;0;1;0;1;1;1
166;3;1;1;1;1;1;1;0;0;0
167;1;1;0;0;0;1;1;0;1;1
168;1;1;0;1;1;0;1;0;1;0
169;2;1;1;1;0;0;1;0;1;1
170;2;0;1;1;1;1;1;0;0;0
171;1;0;1;1;1;0;0;1;1;0
172;1;1;0;1;0;0;1;0;1;0
173;3;0;1;1;1;0;1;0;1;0
174;1;1;0;1;1;0;1;1;0;1
175;2;1;1;1;1;0;1;0;0;1
176;1;1;0;1;0;1;1;1;0;1
177;2;0;0;0;1;0;0;1;0;0
178;2;1;1;1;0;1;0;1;1;1
179;1;0;1;0;0;0;1;1;0;0
180;1;0;1;1;0;1;0;1;1;1
181;1;0;0;0;0;1;0;1;1;1
182;2;0;0;1;1;1;1;0;1;0
183;1;0;1;0;0;0;1;1;0;1
184;2;0;0;0;0;0;1;0;0;0
185;1;1;1;0;1;0;1;1;0;0
186;2;1;1;0;0;1;1;0;1;1
187;1;1;1;1;1;0;1;1;1;0
188;3;0;1;0;0;1;0;0;1;1
189;1;0;0;0;0;1;0;1;0;1
190;3;1;1;0;0;1;1;0;1;1
191;2;0;1;1;0;0;0;1;1;0
192;3;0;0;0;1;0;0;0;1;1
193;2;0;0;1;1;0;1;0;0;1
194;3;0;1;0;0;1;0;1;1;0
195;2;1;0;0;0;1;1;0;0;0
196;2;1;1;0;1;1;1;1;0;0
197;2;1;1;1;0;0;1;1;1;1
198;1;0;1;1;1;0;0;1;0;0
199;3;0;1;0;0;0;1;0;1;0
200;1;0;1;0;1;0;1;0;1;0
201;2;0;1;1;1;1;1;1;1;1
202;2;0;1;1;0;1;0;0;0;1
203;2;0;0;0;1;0;1;1;1;1
204;2;0;0;0;0;0;1;0;0;1
205;1;1;0;1;0;1;1;1;0;1
206;2;1;0;0;0;1;0;1;1;1
207;1;0;1;1;0;0;1;1;0;1
208;1;0;0;1;0;1;0;0;1;1
209;1;0;1;0;0;1;0;1;0;0
210;3;1;0;1;1;0;1;0;0;0
211;3;0;0;0;1;0;1;1;1;0
212;1;1;1;0;0;1;1;0;0;1
213;1;1;1;0;1;0;1;1;1;0
214;2;0;1;1;1;1;0;0;0;1
215;2;1;1;0;1;1;0;1;0;1
216;2;0;0;0;0;0;1;0;1;0
217;2;0;0;1;1;0;0;1;1;0
218;1;1;0;0;1;0;1;1;1;0
219;3;0;1;0;1;1;1;1;0;0
220;2;1;1;1;1;1;1;0;0;1
221;2;1;0;1;1;1;1;0;0;0
222;3;0;1;0;0;0;1;1;1;1
223;3;0;0;0;0;0;1;1;0;0
224;2;0;0;1;1;0;0;1;0;0
225;3;0;0;1;0;0;0;0;1;1
226;2;0;1;0;1;1;1;0;1;1
227;2;0;1;0;1;0;1;1;0;0
228;1;1;0;0;1;1;1;0;0;1
229;1;0;1;0;1;1;1;1;1;1
230;2;0;1;0;1;1;1;0;0;0
231;2;0;1;1;0;1;0;1;1;1
232;2;0;1;0;0;0;0;1;0;1
233;2;0;0;0;0;0;0;1;0;1
234;1;0;0;0;1;1;1;0;1;0
235;2;0;1;0;1;1;1;1;0;1
236;2;0;0;1;0;0;1;1;0;0
237;3;0;1;1;0;1;0;1;0;0
238;2;1;0;0;1;0;1;1;1;1
239;3;0;1;0;1;1;0;1;0;0
240;2;0;0;0;1;1;0;0;0;1
241;1;1;1;1;1;1;0;0;0;0
242;3;1;0;0;0;1;0;1;1;1
243;1;0;0;1;1;1;0;1;1;1
244;2;0;0;0;1;0;1;0;0;0
245;2;1;1;1;1;1;1;1;0;1
246;2;0;1;0;1;1;1;1;0;0
247;1;0;0;0;1;1;1;0;1;1
248;3;1;1;0;0;0;0;0;0;1
249;1;0;1;1;0;0;0;0;1;0
250;3;0;0;1;1;0;0;1;1;1
251;2;1;0;0;1;1;0;1;1;1
252;3;1;0;0;1;1;0;1;0;1
253;1;0;1;1;0;0;1;0;1;1
254;2;0;0;1;0;0;1;0;0;1
255;3;0;1;1;0;0;0;1;1;0
256;1;1;1;0;0;0;1;0;1;1
257;3;0;1;1;0;0;1;1;1;0
258;2;0;0;0;0;0;1;0;1;0
259;1;1;0;0;0;0;1;0;1;0
260;2;0;1;1;0;0;0;1;1;0
261;1;0;1;1;1;1;1;0;1;0
262;3;0;0;0;1;1;1;0;0;1
263;2;0;1;1;0;0;0;1;0;1
264;3;1;0;0;1;0;0;1;0;0
265;2;1;0;1;0;1;0;1;1;0
266;1;0;0;1;0;1;1;0;0;0
267;1;0;0;0;0;0;1;0;1;1
268;1;0;0;0;1;1;1;0;0;1
269;2;0;0;0;1;0;1;0;1;1
270;1;0;0;1;1;1;1;1;1;1
271;2;1;0;0;0;1;1;1;0;0
272;3;0;1;0;1;1;0;1;1;1
273;1;1;1;1;0;0;1;0;1;0
274;3;0;1;1;0;0;1;0;1;0
275;2;0;1;0;0;1;0;0;1;0
276;3;1;0;1;0;0;1;1;1;1
277;2;0;1;1;1;0;1;0;1;0
278;3;1;0;1;0;0;0;0;0;0
279;2;0;1;0;1;1;1;0;0;1
280;1;1;0;1;0;0;1;0;1;0
281;3;0;0;1;1;1;0;0;0;0
282;3;1;1;1;0;0;1;0;0;0
283;3;1;0;0;0;1;0;0;0;0
284;1;1;0;1;1;1;0;1;0;0
285;2;0;1;1;0;1;0;0;1;0
286;3;1;0;0;0;0;1;0;0;1
287;1;1;1;1;0;0;1;0;0;1
288;2;1;0;1;1;0;0;1;0;0
289;2;0;1;1;1;1;1;1;1;0
290;2;0;1;0;0;0;0;0;0;1
291;3;1;0;0;1;0;0;1;1;1
292;3;0;1;0;0;1;0;1;1;0
293;3;1;0;1;1;1;1;1;0;0
294;3;0;0;1;0;0;0;0;0;0
295;3;0;0;0;0;0;1;1;1;1
296;2;0;1;0;1;1;1;1;0;0
297;3;0;0;1;1;1;0;1;1;1
298;3;0;1;0;0;0;1;1;0;0
299;2;1;1;1;1;1;0;0;0;1
300;2;1;0;0;0;1;1;0;1;1
301;1;0;1;1;1;0;1;1;1;1
302;1;0;1;1;0;1;1;0;1;1
303;1;0;0;0;0;1;1;1;0;1
304;1;1;1;0;0;1;0;0;0;1
305;3;1;1;1;1;1;1;0;0;0
306;1;1;0;1;0;1;0;0;1;1
307;3;0;0;1;0;0;0;0;1;0
308;3;1;0;0;1;1;0;1;1;1
309;1;0;0;1;0;1;1;1;0;1
310;1;1;0;1;1;0;0;0;0;0
311;2;0;0;1;0;0;1;1;0;1
312;1;1;1;0;1;1;1;0;0;1
313;2;1;0;0;1;0;0;1;1;0
314;3;1;0;0;0;1;1;1;1;0
315;2;0;0;0;0;1;1;0;0;0
316;1;0;0;1;0;0;1;0;1;0
317;3;1;1;1;1;1;0;0;1;0
318;1;0;1;1;0;1;0;0;1;1
319;1;1;1;1;1;0;1;0;0;1
320;3;1;1;0;1;1;1;0;1;1
321;1;1;1;0;1;0;0;1;1;0
322;2;0;0;0;1;1;1;0;1;1
323;3;0;1;0;1;1;1;0;1;0
324;3;1;1;0;1;1;0;1;1;1
325;3;0;0;0;0;1;1;0;0;1
326;1;0;0;0;0;0;1;1;1;1
327;1;1;0;0;1;0;0;0;0;0
328;2;1;0;0;1;1;1;1;0;1
329;3;1;0;0;0;1;0;1;0;1
330;1;1;1;0;1;1;0;0;1;1
331;3;1;0;1;0;1;0;1;1;1
332;1;1;0;0;1;0;1;1;1;1
333;2;1;0;1;0;0;1;1;0;0
334;1;0;0;0;0;0;0;0;1;1
335;1;1;1;0;0;0;0;1;1;1
336;3;1;0;0;0;0;1;1;0;1
337;3;1;0;1;0;0;0;0;0;1
338;1;1;1;0;0;1;0;0;0;0
339;3;1;1;0;1;1;1;0;0;1
340;3;1;1;0;1;1;0;0;1;1
341;3;0;0;1;1;0;1;0;0;0
342;2;1;1;1;1;1;1;0;0;0
343;3;0;1;1;0;1;0;0;0;1
344;1;0;0;1;0;0;1;1;1;0
345;2;1;1;0;0;0;0;1;0;1
346;2;0;0;1;1;1;0;1;0;0
347;1;1;0;1;0;0;1;0;1;1
348;3;1;0;0;1;1;1;0;0;1
349;3;1;1;0;0;1;1;1;0;0
350;2;1;1;0;0;1;0;0;1;0
351;3;0;0;1;0;0;1;1;1;1
352;3;1;0;0;0;1;1;0;1;1
353;2;1;1;0;1;1;0;0;0;0
354;3;0;1;1;1;1;1;0;1;0
355;1;1;1;1;1;1;1;0;0;0
356;2;1;1;0;0;0;0;0;1;1
357;3;1;1;1;1;1;0;0;1;1
358;1;0;0;0;1;0;1;0;0;1
359;3;1;1;0;1;1;0;1;0;1
360;2;1;1;0;1;1;0;0;1;0
361;2;1;0;1;1;1;1;0;1;1
362;2;1;0;0;0;1;1;1;0;1
363;1;1;0;1;0;0;0;0;0;1
364;1;0;1;1;1;1;1;0;1;0
365;1;0;0;0;1;1;0;1;0;1
366;2;1;1;1;1;1;1;0;0;0
367;2;0;0;0;0;1;1;1;0;1
368;3;1;1;0;0;0;1;0;1;1
369;3;1;1;1;1;0;1;0;0;1
370;2;1;1;1;0;1;0;0;0;1
371;1;0;0;1;0;0;1;1;0;1
372;2;0;0;0;1;0;0;1;1;0
373;2;0;0;1;0;0;0;0;1;1
374;2;1;0;1;0;0;1;0;0;1
375;1;1;1;1;0;0;1;0;1;1
376;3;1;0;1;1;1;0;0;0;1
377;1;1;0;0;1;0;0;0;0;1
378;2;0;1;0;0;1;0;1;0;1
379;1;0;1;1;1;0;1;0;1;0
380;2;0;1;0;1;1;0;1;0;0
381;1;1;0;0;1;1;0;0;0;1
382;2;0;1;0;0;0;1;1;1;1
383;3;0;1;1;0;1;1;0;1;1
384;2;1;0;1;1;0;1;1;1;1
385;2;0;1;1;0;1;1;0;1;0
386;2;0;0;1;1;1;0;1;0;1
387;1;1;1;1;0;0;1;0;0;1
388;2;0;1;0;0;0;1;1;0;1
389;1;1;1;0;1;1;1;1;1;0
390;1;1;1;0;0;1;0;1;0;1
391;2;0;0;1;0;1;1;1;0;1
392;2;1;0;0;0;1;1;0;0;0
393;3;0;1;0;1;0;0;1;1;1
394;1;1;0;0;1;1;0;0;1;0
395;2;0;1;0;1;1;0;0;1;0
396;3;0;1;0;1;0;1;1;1;1
397;3;1;0;0;0;1;0;1;0;0
398;2;1;1;0;0;0;1;0;1;0
399;2;1;1;0;0;1;0;1;1;1
400;1;0;1;0;0;0;0;1;0;0
401;1;0;1;0;1;1;1;0;1;0
402;2;1;0;0;0;0;0;0;0;1
403;1;1;1;0;0;0;0;0;0;1
404;2;1;0;1;1;0;1;0;0;0
405;2;1;1;0;0;0;1;0;1;1
406;2;0;1;0;1;0;1;0;0;1
407;2;0;1;0;0;0;1;0;1;1
408;3;0;1;0;1;0;0;0;1;0
409;3;0;1;1;0;1;0;0;1;0
410;2;0;1;0;1;0;1;1;1;1
411;1;0;1;1;0;1;1;0;1;0
412;3;0;0;1;1;0;1;1;0;1
413;3;1;1;1;0;0;1;0;1;0
414;1;0;1;0;0;0;0;0;0;1
415;1;0;0;1;0;0;0;0;1;0
416;2;1;1;0;1;0;1;0;0;0
417;2;0;1;1;1;1;1;1;1;1
418;2;0;1;0;0;0;1;0;1;0
419;1;0;1;1;0;0;0;0;0;0
420;2;0;1;0;1;1;0;1;1;1
421;3;0;0;1;1;0;1;1;1;0
422;1;1;0;1;0;0;1;1;1;1
423;3;0;0;1;0;0;0;0;0;0
424;2;1;1;0;0;1;0;1;0;1
425;2;1;0;0;1;1;0;0;1;1
426;2;0;0;0;1;1;1;0;1;0
427;3;1;0;0;0;1;1;0;1;0
428;2;1;1;0;0;0;1;1;0;1
429;3;1;1;0;0;1;0;1;1;1
430;3;1;0;1;1;1;1;0;1;0
431;3;1;0;1;1;1;0;1;0;1
432;2;0;0;0;1;0;1;1;0;1
433;2;1;0;0;0;1;0;1;1;1
434;3;0;1;0;0;1;1;0;1;0
435;2;0;0;1;1;0;0;1;0;1
436;2;0;1;1;1;1;0;1;0;0
437;3;1;0;0;0;1;0;0;1;0
438;1;1;0;0;0;0;0;0;1;0
439;1;0;0;1;1;0;0;1;0;1
440;1;1;0;0;1;0;0;0;1;0
441;1;0;0;1;1;1;1;1;1;0
442;3;0;0;0;0;0;1;0;0;1
443;3;0;1;1;0;0;1;1;0;1
444;1;1;0;0;1;1;0;1;0;1
445;2;1;0;0;1;0;0;0;0;1
446;1;1;0;0;1;1;1;1;0;0
447;2;1;1;0;0;1;1;1;0;0
448;3;1;1;1;0;0;0;1;1;1
449;3;1;0;0;0;0;1;0;0;0
450;2;1;0;0;0;1;0;1;1;0
451;3;0;1;0;1;1;1;0;0;1
452;1;0;0;0;0;0;1;0;0;0
453;3;1;1;0;1;0;0;0;0;0
454;1;1;1;1;0;1;0;0;0;0
455;1;0;0;0;1;1;1;1;0;1
456;2;0;0;0;1;1;1;0;0;0
457;2;0;1;0;1;1;1;0;0;0
458;2;0;1;1;0;1;0;0;1;0
459;3;1;0;1;1;1;0;0;1;0
460;2;0;1;0;0;0;0;1;0;1
461;2;1;1;0;0;1;0;1;1;0
462;2;0;1;1;1;0;0;0;1;1
463;3;0;1;1;0;1;1;0;1;1
464;2;1;0;0;1;1;1;1;0;0
465;3;0;0;0;1;0;1;0;0;0
466;2;1;0;0;1;1;1;1;0;1
467;1;0;1;0;0;0;0;0;0;1
468;2;0;0;0;0;1;0;1;1;1
469;3;0;1;0;0;0;0;0;0;0
470;1;0;0;1;0;1;1;0;0;0
471;3;1;0;1;0;0;1;1;1;0
472;3;1;0;0;0;1;0;1;0;1
473;3;0;0;1;0;1;1;0;1;0
474;2;0;1;1;0;1;0;1;0;1
475;3;0;0;0;1;1;1;1;0;0
476;1;1;0;1;1;0;0;0;0;0
477;1;1;0;0;1;1;0;0;1;1
478;2;0;0;0;1;0;0;0;1;1
479;1;1;0;0;1;0;1;1;0;0
480;3;1;1;0;1;1;1;0;0;0
481;3;0;1;1;0;0;0;0;1;1
482;1;1;0;1;1;0;0;0;0;0
483;3;0;1;0;1;1;1;0;0;0
484;3;0;1;1;0;0;1;1;0;1
485;2;0;0;0;1;0;0;0;0;0
486;2;0;1;0;1;0;0;1;0;0
487;2;1;1;1;1;0;1;1;1;0
488;2;0;1;0;0;0;0;1;1;0
489;1;1;0;0;0;0;0;0;0;1
490;3;1;1;1;1;0;1;1;1;1
491;3;1;0;1;1;1;0;0;1;1
492;3;0;1;0;1;0;1;0;1;0
493;2;0;1;1;1;1;0;1;1;0
494;2;0;1;0;1;1;1;1;0;0
495;2;1;0;1;0;1;1;1;0;0
496;1;0;1;0;0;1;1;0;1;1
497;2;1;1;1;1;1;0;1;1;0
498;1;1;0;0;1;0;0;1;0;0
499;2;1;0;1;0;0;0;1;0;0
500;3;0;1;0;1;1;1;1;0;1
501;3;1;1;1;0;0;0;1;1;0
502;2;1;0;0;0;1;1;1;0;0
503;2;1;1;1;0;0;1;1;0;0
504;2;1;1;0;0;1;1;1;1;0
505;1;1;0;1;1;1;0;0;1;0
506;1;1;0;1;0;1;0;1;1;1
507;2;1;1;1;1;1;0;1;1;0
508;3;0;0;1;1;0;0;1;0;1
509;3;1;0;0;0;1;0;0;0;0
510;1;1;0;0;1;1;0;1;1;0
511;3;1;1;1;0;0;1;0;0;1
512;1;1;1;0;1;1;0;0;0;1
513;2;0;0;1;0;1;0;1;0;0
514;1;0;1;0;1;1;1;1;1;0
515;3;1;1;1;0;1;1;1;0;0
516;1;1;0;1;0;0;0;1;1;1
517;1;1;0;1;1;0;0;1;0;1
518;1;1;1;1;0;0;0;0;1;0
519;1;0;0;0;1;0;0;0;1;0
520;2;1;1;0;1;1;1;0;1;1
521;3;1;1;1;0;1;1;1;1;1
522;3;1;0;1;1;0;1;1;0;0
523;1;0;1;0;0;0;1;0;0;1
524;1;0;1;1;1;1;1;1;1;0
525;1;0;1;1;0;0;1;0;1;0
526;1;1;0;0;1;1;1;0;0;1
527;1;1;1;0;0;0;1;0;1;1
528;1;0;0;0;0;0;0;0;0;1
529;2;0;0;1;1;1;1;0;1;0
530;3;1;0;1;0;1;1;0;1;0
531;2;1;0;1;0;0;1;0;1;1
532;1;0;0;0;1;1;0;0;0;0
533;1;1;0;0;0;0;1;0;0;0
534;3;0;0;1;1;1;0;1;1;0
535;3;0;0;0;1;1;1;1;1;1
536;1;0;1;0;0;1;1;1;0;0
537;3;1;1;1;1;0;1;0;0;1
538;3;1;0;1;0;1;1;1;1;0
539;2;0;0;0;1;1;1;1;1;1
540;1;1;1;0;0;0;0;0;0;1
541;2;0;1;1;1;1;0;1;1;0
542;3;0;1;1;1;1;0;0;1;1
543;3;1;0;0;0;1;1;1;1;1
544;1;0;0;0;1;0;0;1;1;1
545;2;1;1;1;1;1;0;0;0;1
546;3;0;0;1;0;1;0;1;1;0
547;1;1;0;1;0;1;0;0;0;0
548;2;0;0;1;1;1;0;0;1;0
549;1;0;0;1;1;0;0;1;1;1
550;3;1;0;1;0;1;0;0;0;1
551;2;1;0;1;1;0;0;0;0;1
552;3;0;1;0;0;0;1;0;0;0
553;1;0;1;0;1;1;0;1;0;0
554;1;0;1;0;0;1;1;0;1;0
555;1;0;0;1;0;0;1;1;1;0
556;1;0;0;0;0;1;1;0;0;0
557;2;1;1;1;0;1;0;1;0;1
558;2;0;0;0;0;1;1;1;0;0
559;1;0;1;0;1;1;0;1;0;1
560;1;1;0;1;0;0;1;1;0;1
561;1;1;1;1;1;1;0;0;0;1
562;1;0;0;1;0;0;1;1;0;1
563;2;0;0;0;0;0;1;0;0;1
564;3;1;0;0;0;0;1;1;0;1
565;3;1;0;0;1;0;1;0;1;0
566;3;1;0;0;1;1;0;1;0;1
567;2;1;0;1;1;1;1;1;0;0
568;2;1;0;0;1;1;0;0;1;1
569;1;0;0;1;0;1;1;0;1;0
570;1;1;0;0;1;0;0;1;1;0
571;1;1;1;1;1;1;1;0;0;0
572;1;0;1;0;1;1;0;1;0;0
573;3;1;0;1;0;1;0;1;0;1
574;1;1;1;1;0;1;1;0;0;1
575;2;0;1;0;0;1;0;1;1;1
576;3;0;0;1;1;1;1;0;0;1
577;2;1;1;1;1;1;0;0;1;0
578;2;1;1;0;1;1;1;1;1;0
579;2;0;0;1;0;1;0;0;0;1
580;2;1;1;0;0;1;0;1;0;1
581;1;1;0;0;1;1;1;1;1;1
582;3;1;1;1;1;1;1;0;0;0
583;2;1;0;1;1;0;1;0;1;1
584;3;0;1;1;1;0;0;1;1;0
585;2;1;1;0;0;1;1;1;0;0
586;2;1;1;1;1;1;1;0;0;1
587;1;0;0;1;0;1;1;1;1;0
588;1;0;0;0;0;0;1;0;1;0
589;2;1;0;1;0;0;0;0;0;1
590;3;0;1;0;0;0;1;1;1;0
591;3;1;1;1;1;1;0;1;1;1
592;2;0;1;0;0;0;0;0;0;0
593;2;0;0;1;1;1;0;0;0;1
594;1;0;0;1;1;1;0;1;1;1
595;1;1;0;1;1;0;1;0;1;0
596;3;1;1;1;0;1;0;0;1;1
597;2;0;0;1;1;1;0;1;1;1
598;3;1;0;0;0;0;0;0;1;1
599;2;1;1;1;0;1;0;1;0;0
600;2;0;1;0;1;1;0;1;1;0
601;1;1;0;0;0;1;0;1;0;0
602;2;1;0;1;0;1;0;0;0;0
603;2;1;0;0;0;1;0;1;1;1
604;3;0;1;0;1;1;1;0;1;0
605;2;0;0;0;1;1;1;1;0;1
606;1;0;0;0;1;1;1;1;1;1
607;2;0;1;1;0;1;0;1;1;1
608;2;0;0;1;0;0;1;1;1;1
609;1;0;1;1;0;0;1;1;1;0
610;1;1;0;0;1;0;0;1;0;0
611;2;1;1;0;1;1;1;1;1;1
612;1;1;1;1;0;1;0;0;0;0
613;1;1;0;1;0;1;1;0;1;0
614;3;1;1;1;0;0;0;0;0;1
615;3;0;0;0;0;0;0;1;0;0
616;1;0;1;1;0;1;0;0;1;1
617;2;1;1;1;1;1;0;1;1;1
618;1;1;1;1;0;0;1;1;1;1
619;2;0;1;1;0;0;1;1;0;1
620;1;1;1;1;1;1;1;1;1;0
621;1;0;0;0;1;1;0;1;1;0
622;3;0;0;1;0;0;0;0;1;1
623;2;1;1;0;0;0;1;0;0;1
624;1;0;1;1;0;0;0;0;0;1
625;1;0;0;0;1;0;0;0;0;1
626;3;1;1;1;1;1;0;1;1;1
627;3;1;1;1;1;0;1;0;1;0
628;2;1;1;0;0;1;1;1;1;1
629;2;0;1;1;0;1;1;0;0;0
630;1;0;1;1;1;1;1;0;0;0
631;1;0;1;1;1;0;0;1;0;1
632;3;0;0;1;0;0;0;1;1;1
633;2;1;1;0;1;1;0;1;0;0
634;3;1;0;0;1;1;0;1;1;0
635;2;0;1;0;1;1;1;0;0;1
636;2;1;0;0;1;0;0;1;1;0
637;3;1;1;0;0;0;1;0;1;1
638;2;0;0;1;0;0;0;1;0;1
639;3;0;1;0;1;1;1;1;0;1
640;3;1;0;1;0;1;1;0;1;0
641;2;1;1;1;1;0;0;1;0;1
642;2;0;0;0;1;0;0;1;0;1
643;3;0;0;1;1;0;1;1;0;0
644;2;0;0;0;0;1;0;0;1;1
645;1;1;1;1;1;1;0;1;1;0
646;2;0;0;1;0;0;0;1;1;1
647;2;1;1;0;0;1;1;1;0;0
648;1;0;0;0;1;0;0;1;0;0
649;2;1;0;0;1;1;1;0;1;0
650;2;0;1;0;0;0;1;0;0;1
651;2;1;1;1;0;1;0;1;1;1
652;2;0;1;1;0;1;0;0;1;0
653;1;0;0;0;0;1;0;0;1;0
654;2;1;1;1;1;1;0;0;1;0
655;1;0;1;1;0;0;1;0;0;0
656;3;0;1;1;0;1;0;0;1;0
657;1;1;1;0;1;0;0;1;0;0
658;2;0;1;1;1;1;0;0;1;0
659;2;1;1;0;0;1;1;0;1;0
660;3;0;1;0;0;0;0;1;0;1
661;3;1;1;1;0;0;0;0;0;0
662;1;1;0;1;0;0;0;0;1;1
663;3;0;1;0;1;1;1;1;1;0
664;1;1;0;1;0;1;0;0;1;0
665;2;1;1;0;0;1;1;0;1;0
666;2;1;0;0;1;0;0;1;1;0
667;2;1;1;0;1;0;1;1;1;1
668;2;1;1;0;0;1;1;0;0;1
669;3;1;1;0;1;0;1;0;0;1
670;1;0;1;1;0;0;1;0;0;0
671;1;1;1;1;0;1;0;1;1;0
672;3;1;1;0;0;1;0;0;0;0
673;2;0;1;1;1;1;1;1;1;1
674;2;1;1;1;0;0;0;0;1;0
675;3;0;1;1;0;0;1;0;1;1
676;3;0;1;0;0;1;1;1;0;1
677;1;0;0;1;1;0;0;1;1;0
678;3;0;1;1;0;0;0;0;0;1
679;2;1;0;0;1;1;0;0;0;0
680;1;0;1;1;1;0;0;0;0;0
681;2;0;0;0;1;1;1;0;1;1
682;2;0;1;1;0;0;0;1;0;1
683;1;0;1;0;0;0;0;0;1;0
684;1;0;1;0;1;1;0;0;0;0
685;1;0;0;1;1;0;0;1;0;0
686;1;0;1;0;0;1;1;0;0;1
687;3;0;1;0;1;0;1;1;1;1
688;2;1;0;0;1;0;0;0;1;1
689;1;0;0;0;0;0;1;1;1;0
690;1;1;0;0;1;1;0;1;1;1
691;3;1;0;1;1;1;1;0;1;1
692;2;0;0;1;0;1;1;0;0;0
693;3;1;0;0;0;1;0;1;0;1
694;3;1;1;1;1;1;1;1;0;0
695;1;0;0;1;1;1;1;0;1;0
696;2;1;1;1;1;0;0;0;0;1
697;1;0;1;0;0;1;1;0;0;1
698;1;1;1;0;1;1;1;1;1;1
699;1;1;0;1;1;0;1;1;0;1
700;3;0;0;0;0;0;0;0;0;1
701;1;0;1;1;1;0;1;0;0;1
702;2;1;1;1;0;0;1;1;0;0
703;2;0;0;0;1;0;0;1;1;1
704;1;0;1;1;0;1;0;1;1;1
705;3;1;1;1;1;1;0;0;1;1
706;3;1;1;0;1;0;0;0;1;0
707;1;1;1;1;0;0;1;0;1;0
708;3;0;0;1;0;1;1;1;1;1
709;2;0;0;0;1;0;1;0;1;1
710;3;1;0;1;1;1;0;0;1;0
711;2;1;1;0;1;1;1;0;0;0
712;1;0;1;0;0;0;0;0;0;1
713;1;1;0;0;1;1;1;0;0;0
714;2;1;0;1;0;1;1;0;0;1
715;2;0;1;0;1;0;0;0;1;1
716;1;0;0;0;0;0;0;0;1;0
717;1;0;0;1;0;1;1;1;1;1
718;1;1;0;1;1;1;0;1;1;0
719;3;0;0;0;1;0;1;1;0;1
720;1;0;1;1;0;0;0;0;1;0
721;1;0;0;1;1;1;0;0;1;0
722;1;1;1;1;0;1;0;0;0;1
723;2;0;0;1;0;0;0;1;0;0
724;1;1;1;0;0;1;0;1;1;0
725;3;1;1;0;1;1;0;0;1;1
726;2;0;1;0;0;1;1;1;1;1
727;2;0;0;1;1;1;0;1;0;0
728;2;0;0;1;1;0;0;0;1;0
729;1;0;1;0;1;0;1;1;1;1
730;1;0;1;1;1;1;1;1;1;1
731;3;0;0;0;0;0;0;0;1;0
732;1;0;0;1;0;0;1;1;0;0
733;1;0;1;1;0;0;1;1;1;1
734;1;0;0;1;1;1;1;0;1;0
735;3;0;1;0;0;1;0;1;1;1
736;3;1;0;0;1;1;0;0;0;1
737;2;1;1;1;0;0;1;1;0;1
738;2;1;1;0;1;0;1;1;1;0
739;1;0;0;0;1;0;1;0;1;1
740;2;0;0;0;1;0;0;1;0;1
741;2;1;0;0;0;1;0;0;0;1
742;2;0;0;0;0;0;1;0;1;1
743;3;1;0;1;1;1;1;0;1;1
744;3;0;1;1;1;1;0;1;1;0
745;3;1;0;0;1;1;0;0;0;0
746;1;1;1;0;0;1;0;0;1;1
747;2;0;0;0;0;1;0;1;1;1
748;2;1;0;1;1;0;1;0;1;1
749;3;1;0;1;1;1;0;1;1;0
750;2;0;0;0;1;1;1;0;0;0
751;1;1;0;1;0;0;1;0;0;1
752;2;1;0;1;0;0;0;0;1;1
753;1;0;1;1;0;1;0;0;1;0
754;1;1;1;1;1;0;0;0;1;0
755;1;0;1;1;1;1;0;0;1;1
756;2;1;0;1;0;0;1;1;0;1
757;3;1;1;1;1;0;0;0;0;1
758;2;1;1;0;1;0;1;1;1;1
759;2;1;1;1;1;0;0;1;1;1
760;3;0;0;0;0;1;1;0;1;0
761;1;0;0;1;0;1;1;1;0;1
762;1;1;0;1;1;0;0;1;1;1
763;2;0;1;1;1;0;1;1;1;1
764;3;1;1;1;0;0;0;0;1;0
765;3;1;1;0;0;1;1;0;0;1
766;1;1;0;0;0;1;1;1;0;1
767;1;1;1;1;1;0;0;1;0;1
768;3;0;0;0;1;0;0;0;1;1
769;3;1;0;0;0;0;0;0;0;0
770;3;1;1;0;1;0;1;0;1;1
771;2;1;0;0;1;1;1;0;0;1
772;2;0;0;0;1;0;1;1;1;0
773;2;1;1;0;1;0;1;1;0;1
774;1;1;0;1;0;1;0;0;0;1
775;1;0;0;0;1;0;1;0;0;1
776;2;1;1;1;1;0;1;0;0;0
777;3;1;0;1;0;0;0;1;1;1
778;2;0;0;0;0;1;1;0;1;1
779;2;1;0;1;0;1;0;1;1;0
780;2;0;0;1;1;1;1;0;1;1
781;2;1;1;0;0;1;0;1;0;0
782;2;0;1;0;1;0;1;1;1;0
783;2;1;0;1;0;1;0;1;1;1
784;2;1;0;0;0;0;0;0;0;1
785;1;0;1;0;1;1;1;1;1;1
786;3;0;1;1;0;0;1;0;1;1
787;2;1;1;0;0;0;0;0;1;1
788;1;1;1;1;0;0;0;1;0;1
789;2;1;0;1;1;1;0;0;0;1
790;2;0;0;0;1;1;0;0;0;0
791;3;0;1;0;0;1;0;1;0;0
792;1;1;1;0;1;1;0;0;1;0
793;3;1;0;0;1;0;1;0;0;0
794;1;1;0;0;0;1;1;0;0;0
795;1;1;1;0;0;0;0;1;0;0
796;3;1;1;0;0;0;0;1;1;0
797;1;0;1;1;0;0;0;1;1;1
798;2;0;1;1;1;1;0;1;0;1
799;1;1;1;1;0;0;0;0;0;0
800;2;0;0;1;0;0;1;1;1;1
801;2;1;1;0;1;0;1;0;0;0
802;1;0;0;0;1;1;0;0;0;0
803;1;1;1;0;0;0;1;1;1;0
804;1;1;1;0;0;0;0;1;0;1
805;1;1;0;0;0;0;0;1;0;0
806;1;0;1;1;0;1;0;0;1;1
807;2;0;0;1;1;0;0;0;1;0
808;2;0;0;1;1;0;1;1;0;0
809;2;1;1;0;0;0;1;0;1;0
810;1;0;1;0;0;1;0;0;0;1
811;2;0;0;0;1;1;0;1;1;0
812;3;1;0;0;0;0;1;1;0;1
813;2;1;1;1;0;0;1;0;1;0
814;2;1;1;0;1;1;0;1;1;0
815;2;1;0;1;0;0;1;0;1;0
816;1;0;0;0;0;1;1;0;0;0
817;2;1;0;1;1;1;1;1;1;0
818;2;1;1;1;1;0;0;0;1;1
819;3;1;0;0;0;0;1;1;1;1
820;1;1;0;0;0;0;0;0;1;1
821;2;1;1;0;1;1;1;0;0;0
822;2;0;1;0;0;0;0;1;1;0
823;2;1;1;1;0;1;0;1;0;1
824;1;0;1;1;0;0;0;1;1;0
825;3;1;1;0;0;0;1;0;0;1
826;3;0;1;0;1;1;1;0;0;1
827;1;1;0;0;0;1;1;1;0;1
828;1;0;1;0;1;1;1;1;0;1
829;1;1;0;1;0;1;1;0;0;0
830;2;0;0;1;1;1;1;0;0;1
831;1;0;0;0;1;0;1;0;1;1
832;1;1;1;0;0;0;1;0;0;0
833;1;1;0;0;0;0;1;1;0;0
834;2;0;1;1;1;0;1;0;1;1
835;3;0;1;1;1;1;1;1;1;0
836;2;0;1;1;0;0;0;1;0;1
837;2;1;0;1;1;0;0;1;0;1
838;2;0;0;1;0;0;1;1;1;1
839;3;0;0;1;1;1;1;0;1;1
840;3;0;0;0;0;1;1;1;1;1
841;3;1;0;0;0;0;0;0;0;0
842;2;1;0;0;0;1;1;0;1;0
843;2;0;0;1;0;0;0;0;1;1
844;2;0;0;1;1;1;1;1;1;1
845;2;1;0;1;1;0;0;1;1;1
846;1;1;1;1;1;1;1;1;0;1
847;2;0;1;1;0;0;0;1;1;1
848;3;1;1;0;0;0;0;1;1;1
849;2;0;1;1;0;0;1;1;1;1
850;2;1;1;0;1;1;0;1;0;1
851;2;0;0;1;0;1;1;0;1;1
852;2;1;1;1;0;1;0;1;0;0
853;3;1;0;1;1;0;1;0;0;0
854;1;0;1;1;0;1;0;1;1;1
855;3;1;1;0;0;1;1;1;1;0
856;1;1;0;0;1;1;0;0;0;0
857;1;0;0;0;0;0;1;0;1;1
858;2;0;0;1;0;1;1;0;0;1
859;2;1;1;0;1;1;1;0;1;0
860;3;1;0;0;0;1;1;0;0;0
861;1;1;1;0;0;1;1;1;0;1
862;2;0;1;1;0;0;1;1;1;1
863;3;0;0;0;0;1;0;0;1;0
864;3;1;1;1;1;1;0;0;0;0
865;3;0;0;1;1;1;1;1;1;1
866;2;0;1;1;1;1;0;1;1;0
867;3;0;1;0;0;0;1;0;0;1
868;2;0;1;1;0;1;1;1;0;0
869;3;0;0;0;0;1;1;0;1;1
870;2;1;0;0;1;0;1;1;0;0
871;3;0;1;0;1;1;1;0;1;1
872;3;1;1;0;0;1;1;1;0;1
873;1;1;1;1;1;1;1;0;0;0
874;1;1;1;0;1;1;1;0;0;1
875;1;0;0;0;1;0;0;0;1;1
876;2;0;1;1;1;1;1;1;0;1
877;3;1;1;1;1;1;1;1;1;1
878;3;0;1;0;1;1;0;1;0;1
879;2;0;0;1;1;0;1;1;0;0
880;1;0;1;0;0;0;0;0;1;1
881;2;1;0;1;1;0;0;1;1;1
882;3;1;1;0;1;0;1;0;0;1
883;2;1;0;1;1;0;1;1;1;0
884;3;1;0;1;0;0;0;0;1;0
885;1;1;0;1;0;1;0;1;1;0
886;3;1;0;1;1;1;0;0;1;1
887;3;0;0;0;0;0;0;1;0;0
888;3;1;0;0;1;0;1;1;1;1
889;3;0;0;0;0;0;0;1;0;0
890;3;1;0;1;1;0;1;1;0;1
891;2;0;0;1;1;0;0;0;0;1
892;3;0;0;1;0;0;1;0;1;1
893;1;1;1;1;0;0;0;0;1;1
894;2;1;0;0;1;0;1;0;0;0
895;1;0;1;0;0;1;1;1;1;1
896;1;1;1;0;0;1;0;0;0;1
897;3;1;1;0;1;1;0;1;1;0
898;3;1;1;1;0;0;0;1;1;1
899;1;0;0;1;1;0;0;0;1;1
900;2;1;0;1;1;0;1;1;1;0
901;3;1;0;0;0;0;0;0;1;0
902;1;0;0;0;0;0;1;0;0;1
903;1;1;1;0;1;1;1;1;0;1
904;1;0;0;1;0;1;1;1;1;1
905;3;1;0;1;0;0;1;1;1;1
906;3;0;1;0;0;1;1;0;1;1
907;3;1;1;1;1;0;0;1;0;0
908;3;1;1;0;0;0;1;0;1;1
909;1;0;0;1;1;1;1;1;0;1
910;2;1;0;1;0;1;1;0;0;1
911;2;0;0;1;0;0;1;0;0;1
912;2;0;0;1;0;0;1;1;1;0
913;1;1;1;1;0;1;0;1;1;1
914;1;0;0;1;1;0;0;0;0;1
915;2;0;1;0;1;0;0;0;0;1
916;3;1;1;0;1;1;1;1;0;0
917;2;0;0;1;1;1;0;0;0;0
918;3;1;1;0;0;1;1;0;1;0
919;1;1;0;0;1;1;0;1;0;1
920;1;0;1;0;1;1;0;0;0;0
921;1;0;1;0;1;0;0;0;1;1
922;1;1;1;0;0;0;1;1;1;1
923;3;0;1;1;1;1;0;1;0;1
924;1;0;0;0;1;0;0;1;1;0
925;1;0;1;0;0;0;0;1;1;1
926;1;0;0;1;1;0;0;0;0;0
927;1;1;0;1;1;1;1;0;0;0
928;2;0;1;1;1;1;0;1;1;0
929;3;1;1;0;0;1;0;0;0;0
930;3;0;0;1;0;0;1;0;1;0
931;1;1;1;1;0;1;0;0;0;0
932;1;1;0;0;0;0;1;1;1;1
933;3;0;1;0;0;0;1;1;1;1
934;2;0;0;0;0;1;0;1;0;0
935;1;1;1;1;0;1;0;1;0;0
936;2;1;0;1;0;0;0;1;1;1
937;2;0;1;0;1;0;1;0;0;0
938;3;0;1;0;1;0;0;1;1;1
939;3;1;0;1;1;0;1;1;0;1
940;3;0;1;1;1;1;1;1;1;1
941;2;0;0;1;0;0;1;1;0;1
942;1;1;0;0;1;1;1;1;0;1
943;3;1;1;0;1;0;1;1;1;0
944;2;1;0;1;0;0;0;0;0;1
945;1;1;0;1;1;0;0;0;1;0
946;3;1;0;1;1;1;1;1;0;1
947;1;1;0;0;1;0;0;1;0;1
948;3;0;0;0;1;0;0;1;1;0
949;3;1;0;0;0;0;1;0;0;0
950;2;0;0;0;1;0;1;1;0;1
951;1;1;1;1;1;0;0;0;0;1
952;2;0;1;0;1;0;0;1;0;0
953;3;0;1;1;0;0;1;0;1;0
954;3;0;1;0;0;0;1;1;1;0
955;3;1;0;0;1;0;1;1;0;0
956;1;1;0;0;0;0;1;0;0;1
957;2;1;0;0;0;0;1;0;0;0
958;1;0;1;0;1;1;0;1;0;0
959;1;0;0;1;1;0;0;0;0;0
960;1;1;0;0;0;1;0;0;0;0
961;3;0;0;0;0;0;0;1;0;0
962;3;0;1;1;1;0;0;0;0;1
963;2;0;1;1;1;0;0;0;1;1
964;2;0;0;1;0;0;1;1;1;0
965;1;1;0;1;0;0;0;1;1;1
966;2;0;0;0;0;1;0;1;0;1
967;3;1;0;0;1;0;0;0;1;1
968;2;0;0;1;1;0;1;0;1;0
969;1;0;1;1;1;0;1;1;0;0
970;3;1;1;0;1;1;0;0;1;1
971;3;0;1;1;1;0;0;0;0;1
972;2;0;1;1;0;1;1;1;1;1
973;2;1;0;1;1;0;0;1;1;1
974;3;1;1;1;0;1;0;1;1;0
975;1;1;1;0;0;1;1;0;0;0
976;1;0;0;0;1;0;0;0;0;0
977;3;0;0;1;1;1;0;1;0;0
978;3;0;0;1;0;1;1;1;0;0
979;1;1;1;1;1;0;0;0;0;1
980;3;0;1;1;0;1;1;0;0;0
981;1;0;0;1;1;1;1;0;0;0
982;3;0;1;0;1;1;1;1;1;0
983;2;1;0;0;0;1;0;1;1;0
984;3;1;1;1;0;0;0;0;0;1
985;1;0;0;0;1;1;0;0;1;1
986;2;0;1;0;1;1;0;0;1;1
987;3;0;1;0;1;0;1;1;1;1
988;2;0;1;0;1;1;0;0;1;1
989;1;0;0;0;0;1;0;1;1;0
990;1;0;1;1;0;0;1;0;1;0
991;1;0;1;1;0;0;1;1;1;1
992;1;1;1;1;1;0;0;1;1;0
993;3;1;1;1;0;0;1;0;0;1
994;3;0;1;1;0;1;1;0;0;1
995;3;1;1;0;1;0;0;1;1;1
996;1;0;1;0;1;0;1;1;0;0
997;1;0;1;1;0;0;1;0;1;1
998;3;1;0;0;1;1;1;0;1;1
999;1;0;1;0;0;0;0;1;1;1
1000;1;0;0;0;1;1;0;0;1;1
