id;wifi;mascotas;fumar;departamento;casa;limpieza;lavadora;parking;bano_propio;amueblado
1;0;1;0;0;1;1;0;0;1;1
2;0;1;0;1;1;0;0;0;1;1
3;1;1;0;0;0;1;1;1;1;1
4;1;0;1;0;0;0;0;0;1;0
5;0;1;1;0;0;1;1;1;0;0
6;1;0;1;1;0;0;1;1;0;1
7;0;0;0;0;0;0;1;0;0;1
8;0;1;0;0;1;0;0;0;0;0
9;1;0;1;0;1;0;0;0;0;0
10;0;0;1;0;0;1;0;1;1;1
11;1;0;1;0;1;0;1;0;1;1
12;1;1;0;1;1;0;1;0;1;0
13;1;1;0;0;1;1;1;1;1;1
14;0;0;0;0;1;1;1;1;0;1
15;1;1;0;1;0;0;1;0;0;0
16;0;0;1;0;0;1;1;1;0;0
17;1;1;1;0;1;0;0;1;1;0
18;0;1;0;0;0;1;1;0;0;0
19;0;1;0;0;1;0;0;1;0;1
20;0;0;0;1;1;0;1;0;1;1
21;0;1;1;1;1;0;1;0;1;1
22;1;0;1;1;1;1;0;1;1;0
23;1;0;1;0;1;0;0;1;0;0
24;0;0;0;1;1;1;1;1;0;0
25;0;1;0;1;1;0;0;0;0;0
26;1;0;1;0;0;1;0;0;0;0
27;0;1;1;0;1;1;0;0;0;1
28;0;1;0;1;0;0;0;0;1;1
29;0;0;0;0;1;1;0;0;1;1
30;1;0;0;0;0;0;1;1;0;1
31;0;1;0;1;0;0;1;1;1;1
32;1;0;1;0;1;0;1;1;0;1
33;1;0;0;1;0;1;1;1;1;0
34;1;1;1;1;1;0;1;1;1;1
35;1;1;1;0;0;0;0;1;1;0
36;1;0;0;1;1;0;0;0;0;1
37;1;1;0;1;0;0;0;1;1;1
38;0;0;1;0;1;0;1;0;0;1
39;0;0;1;0;1;1;0;0;1;0
40;1;1;1;0;1;0;0;0;1;0
41;1;1;0;0;1;1;0;1;0;0
42;1;0;1;0;0;1;0;1;0;1
43;0;0;0;1;1;1;0;1;1;1
44;1;1;0;1;1;0;1;0;0;0
45;1;1;0;1;1;0;0;1;0;1
46;0;0;1;1;1;0;1;0;0;1
47;1;0;0;0;1;1;0;0;1;0
48;1;0;0;1;1;1;0;1;0;1
49;1;0;0;0;0;0;1;0;1;1
50;0;0;0;1;0;1;1;0;0;0
51;1;0;0;1;1;1;1;0;0;0
52;0;0;0;1;0;0;0;0;0;1
53;1;1;0;0;1;1;1;1;1;0
54;0;1;0;0;1;1;1;1;1;0
55;0;1;1;1;1;0;0;0;0;0
56;1;1;0;0;1;1;0;1;0;0
57;0;0;0;0;1;0;0;0;1;0
58;1;0;0;1;1;1;1;1;1;0
59;1;1;0;0;0;1;0;1;0;1
60;1;1;1;0;1;0;0;0;0;0
61;1;0;1;1;0;0;1;0;1;1
62;1;1;1;0;1;1;1;1;0;1
63;1;0;0;0;0;1;1;1;1;1
64;0;1;0;1;0;1;0;1;0;1
65;0;1;1;1;1;1;1;0;1;1
66;0;0;0;1;1;0;1;0;0;1
67;1;1;0;1;0;0;1;1;1;1
68;0;1;1;1;0;0;0;1;0;0
69;1;1;1;1;1;1;1;0;0;0
70;1;1;1;0;0;0;1;1;0;0
71;1;1;1;1;1;1;0;0;0;0
72;0;1;1;0;1;0;0;1;1;0
73;1;1;1;0;1;1;0;1;1;1
74;0;1;0;0;0;1;1;0;1;1
75;0;0;0;0;1;0;0;1;1;0
76;1;1;0;0;0;1;0;1;0;1
77;1;0;0;0;0;1;0;1;1;1
78;1;0;1;0;0;0;1;0;0;1
79;0;1;1;1;0;1;1;0;1;1
80;0;0;0;1;0;1;0;0;0;0
81;0;0;0;0;0;1;0;0;1;1
82;1;0;0;1;0;1;1;1;0;0
83;1;0;1;1;1;0;0;1;1;1
84;1;0;1;0;0;0;0;0;0;1
85;0;0;0;1;0;1;1;0;0;1
86;0;1;0;1;0;0;0;1;0;0
87;1;1;0;0;1;0;1;0;0;0
88;1;1;0;0;1;1;1;1;0;1
89;1;0;1;0;1;0;0;1;0;1
90;0;1;0;0;1;0;0;0;1;0
91;0;0;1;0;1;1;0;1;1;0
92;1;0;1;1;0;1;1;1;0;0
93;0;0;0;1;1;1;1;1;1;0
94;0;1;0;0;0;1;0;0;0;1
95;1;0;1;1;0;0;1;1;0;0
96;1;0;1;1;0;0;1;1;1;1
97;1;0;0;0;1;1;1;0;1;0
98;1;0;1;1;1;0;1;1;1;1
99;1;1;0;1;0;0;0;0;0;0
100;0;0;0;0;1;0;1;0;1;0
101;1;1;0;0;0;1;1;1;1;1
102;0;0;0;0;0;0;1;1;0;1
103;0;0;1;0;0;0;1;1;0;1
104;0;0;1;0;1;1;0;1;1;0
105;0;0;1;0;1;1;0;0;1;1
106;0;1;0;0;1;1;1;1;0;1
107;0;1;0;1;1;0;1;0;0;1
108;1;1;0;1;0;0;1;1;0;1
109;0;1;0;1;0;1;0;1;0;1
110;0;1;1;0;0;1;0;1;1;1
111;0;1;0;0;1;0;1;0;0;0
112;0;0;0;0;0;1;1;1;0;0
113;0;1;0;0;1;0;1;0;0;1
114;1;0;1;0;1;0;0;1;0;1
115;0;0;1;1;0;1;1;1;1;0
116;1;1;0;0;0;1;1;0;1;0
117;0;0;0;1;1;0;0;0;0;1
118;0;1;0;0;1;1;1;1;0;1
119;0;0;1;1;0;0;1;0;1;0
120;1;1;1;0;1;1;0;0;1;1
121;0;1;1;0;1;1;1;0;0;1
122;0;1;1;0;1;0;0;0;0;1
123;0;1;0;0;1;0;0;0;1;1
124;0;1;1;1;0;1;0;1;1;1
125;1;1;0;1;1;1;1;1;0;0
126;0;1;0;0;0;1;1;1;0;0
127;1;1;1;1;1;1;1;1;1;0
128;1;0;1;0;1;1;0;0;0;1
129;1;0;0;1;1;0;0;1;1;1
130;1;0;0;0;1;1;1;0;1;0
131;0;1;0;1;1;1;0;0;1;0
132;1;0;0;1;0;0;1;1;0;1
133;0;0;0;1;1;1;0;0;1;1
134;1;1;1;1;1;0;1;0;1;0
135;1;1;0;1;0;1;0;0;1;0
136;0;0;1;0;0;0;0;0;1;1
137;0;1;0;1;0;1;0;1;0;0
138;1;1;0;1;1;0;0;0;0;0
139;1;0;0;1;1;1;0;0;0;0
140;0;1;1;0;1;0;1;1;1;1
141;1;0;1;0;0;0;1;1;1;1
142;1;1;0;1;1;1;1;1;0;1
143;1;0;1;1;0;1;0;0;0;0
144;0;1;1;1;0;1;0;0;1;1
145;0;1;0;1;0;1;0;0;0;0
146;1;0;0;1;0;1;1;0;0;0
147;0;1;1;1;0;1;1;1;0;0
148;1;1;1;0;1;0;1;1;0;0
149;0;0;0;0;0;0;1;1;0;0
150;1;1;0;0;0;1;0;0;0;0
151;1;1;1;0;1;1;1;0;0;1
152;0;1;1;1;1;1;1;0;1;1
153;1;1;0;1;0;0;0;0;1;1
154;0;1;0;1;1;1;1;0;0;0
155;0;1;1;0;1;0;1;0;1;0
156;1;1;0;1;1;0;1;0;0;1
157;1;1;0;1;1;1;0;0;1;0
158;1;1;1;0;1;1;1;0;0;0
159;1;0;0;0;0;1;1;0;1;0
160;0;1;1;0;1;0;0;0;0;0
161;0;0;1;0;0;1;0;0;0;1
162;0;1;1;1;0;0;1;0;1;1
163;1;1;1;1;1;0;1;0;1;1
164;0;1;0;1;1;1;0;0;0;0
165;1;1;0;0;1;0;1;1;1;0
166;1;1;1;1;1;1;0;0;0;1
167;1;0;0;0;1;1;0;1;1;0
168;1;0;1;1;0;1;0;1;0;0
169;1;1;1;0;0;1;0;1;1;1
170;0;1;1;1;1;1;0;0;0;0
171;0;1;1;1;0;0;1;1;0;0
172;1;0;1;0;0;1;0;1;0;1
173;0;1;1;1;0;1;0;1;0;1
174;1;0;1;1;0;1;1;0;1;1
175;1;1;1;1;0;1;0;0;1;0
176;1;0;1;0;1;1;1;0;1;0
177;0;0;0;1;0;0;1;0;0;0
178;1;1;1;0;1;0;1;1;1;1
179;0;1;0;0;0;1;1;0;0;0
180;0;1;1;0;1;0;1;1;1;0
181;0;0;0;0;1;0;1;1;1;1
182;0;0;1;1;1;1;0;1;0;1
183;0;1;0;0;0;1;1;0;1;1
184;0;0;0;0;0;1;0;0;0;0
185;1;1;0;1;0;1;1;0;0;0
186;1;1;0;0;1;1;0;1;1;1
187;1;1;1;1;0;1;1;1;0;0
188;0;1;0;0;1;0;0;1;1;1
189;0;0;0;0;1;0;1;0;1;0
190;1;1;0;0;1;1;0;1;1;1
191;0;1;1;0;0;0;1;1;0;0
192;0;0;0;1;0;0;0;1;1;1
193;0;0;1;1;0;1;0;0;1;0
194;0;1;0;0;1;0;1;1;0;1
195;1;0;0;0;1;1;0;0;0;0
196;1;1;0;1;1;1;1;0;0;1
197;1;1;1;0;0;1;1;1;1;0
198;0;1;1;1;0;0;1;0;0;0
199;0;1;0;0;0;1;0;1;0;1
200;0;1;0;1;0;1;0;1;0;1
201;0;1;1;1;1;1;1;1;1;0
202;0;1;1;0;1;0;0;0;1;0
203;0;0;0;1;0;1;1;1;1;0
204;0;0;0;0;0;1;0;0;1;1
205;1;0;1;0;1;1;1;0;1;1
206;1;0;0;0;1;0;1;1;1;0
207;0;1;1;0;0;1;1;0;1;1
208;0;0;1;0;1;0;0;1;1;1
209;0;1;0;0;1;0;1;0;0;0
210;1;0;1;1;0;1;0;0;0;0
211;0;0;0;1;0;1;1;1;0;0
212;1;1;0;0;1;1;0;0;1;1
213;1;1;0;1;0;1;1;1;0;1
214;0;1;1;1;1;0;0;0;1;1
215;1;1;0;1;1;0;1;0;1;1
216;0;0;0;0;0;1;0;1;0;0
217;0;0;1;1;0;0;1;1;0;1
218;1;0;0;1;0;1;1;1;0;0
219;0;1;0;1;1;1;1;0;0;1
220;1;1;1;1;1;1;0;0;1;1
221;1;0;1;1;1;1;0;0;0;1
222;0;1;0;0;0;1;1;1;1;0
223;0;0;0;0;0;1;1;0;0;0
224;0;0;1;1;0;0;1;0;0;0
225;0;0;1;0;0;0;0;1;1;0
226;0;1;0;1;1;1;0;1;1;0
227;0;1;0;1;0;1;1;0;0;0
228;1;0;0;1;1;1;0;0;1;1
229;0;1;0;1;1;1;1;1;1;0
230;0;1;0;1;1;1;0;0;0;1
231;0;1;1;0;1;0;1;1;1;1
232;0;1;0;0;0;0;1;0;1;0
233;0;0;0;0;0;0;1;0;1;0
234;0;0;0;1;1;1;0;1;0;1
235;0;1;0;1;1;1;1;0;1;0
236;0;0;1;0;0;1;1;0;0;1
237;0;1;1;0;1;0;1;0;0;0
238;1;0;0;1;0;1;1;1;1;0
239;0;1;0;1;1;0;1;0;0;0
240;0;0;0;1;1;0;0;0;1;0
241;1;1;1;1;1;0;0;0;0;0
242;1;0;0;0;1;0;1;1;1;1
243;0;0;1;1;1;0;1;1;1;1
244;0;0;0;1;0;1;0;0;0;0
245;1;1;1;1;1;1;1;0;1;1
246;0;1;0;1;1;1;1;0;0;1
247;0;0;0;1;1;1;0;1;1;1
248;1;1;0;0;0;0;0;0;1;0
249;0;1;1;0;0;0;0;1;0;1
250;0;0;1;1;0;0;1;1;1;1
251;1;0;0;1;1;0;1;1;1;1
252;1;0;0;1;1;0;1;0;1;1
253;0;1;1;0;0;1;0;1;1;1
254;0;0;1;0;0;1;0;0;1;0
255;0;1;1;0;0;0;1;1;0;1
256;1;1;0;0;0;1;0;1;1;1
257;0;1;1;0;0;1;1;1;0;1
258;0;0;0;0;0;1;0;1;0;1
259;1;0;0;0;0;1;0;1;0;1
260;0;1;1;0;0;0;1;1;0;1
261;0;1;1;1;1;1;0;1;0;1
262;0;0;0;1;1;1;0;0;1;1
263;0;1;1;0;0;0;1;0;1;0
264;1;0;0;1;0;0;1;0;0;0
265;1;0;1;0;1;0;1;1;0;0
266;0;0;1;0;1;1;0;0;0;1
267;0;0;0;0;0;1;0;1;1;0
268;0;0;0;1;1;1;0;0;1;1
269;0;0;0;1;0;1;0;1;1;0
270;0;0;1;1;1;1;1;1;1;1
271;1;0;0;0;1;1;1;0;0;1
272;0;1;0;1;1;0;1;1;1;0
273;1;1;1;0;0;1;0;1;0;0
274;0;1;1;0;0;1;0;1;0;1
275;0;1;0;0;1;0;0;1;0;1
276;1;0;1;0;0;1;1;1;1;0
277;0;1;1;1;0;1;0;1;0;1
278;1;0;1;0;0;0;0;0;0;0
279;0;1;0;1;1;1;0;0;1;1
280;1;0;1;0;0;1;0;1;0;0
281;0;0;1;1;1;0;0;0;0;0
282;1;1;1;0;0;1;0;0;0;1
283;1;0;0;0;1;0;0;0;0;1
284;1;0;1;1;1;0;1;0;0;1
285;0;1;1;0;1;0;0;1;0;1
286;1;0;0;0;0;1;0;0;1;1
287;1;1;1;0;0;1;0;0;1;1
288;1;0;1;1;0;0;1;0;0;1
289;0;1;1;1;1;1;1;1;0;1
290;0;1;0;0;0;0;0;0;1;1
291;1;0;0;1;0;0;1;1;1;0
292;0;1;0;0;1;0;1;1;0;0
293;1;0;1;1;1;1;1;0;0;0
294;0;0;1;0;0;0;0;0;0;1
295;0;0;0;0;0;1;1;1;1;1
296;0;1;0;1;1;1;1;0;0;0
297;0;0;1;1;1;0;1;1;1;1
298;0;1;0;0;0;1;1;0;0;1
299;1;1;1;1;1;0;0;0;1;0
300;1;0;0;0;1;1;0;1;1;0
301;0;1;1;1;0;1;1;1;1;1
302;0;1;1;0;1;1;0;1;1;0
303;0;0;0;0;1;1;1;0;1;1
304;1;1;0;0;1;0;0;0;1;0
305;1;1;1;1;1;1;0;0;0;0
306;1;0;1;0;1;0;0;1;1;0
307;0;0;1;0;0;0;0;1;0;0
308;1;0;0;1;1;0;1;1;1;1
309;0;0;1;0;1;1;1;0;1;1
310;1;0;1;1;0;0;0;0;0;1
311;0;0;1;0;0;1;1;0;1;1
312;1;1;0;1;1;1;0;0;1;0
313;1;0;0;1;0;0;1;1;0;0
314;1;0;0;0;1;1;1;1;0;1
315;0;0;0;0;1;1;0;0;0;1
316;0;0;1;0;0;1;0;1;0;1
317;1;1;1;1;1;0;0;1;0;0
318;0;1;1;0;1;0;0;1;1;1
319;1;1;1;1;0;1;0;0;1;1
320;1;1;0;1;1;1;0;1;1;0
321;1;1;0;1;0;0;1;1;0;1
322;0;0;0;1;1;1;0;1;1;0
323;0;1;0;1;1;1;0;1;0;0
324;1;1;0;1;1;0;1;1;1;0
325;0;0;0;0;1;1;0;0;1;1
326;0;0;0;0;0;1;1;1;1;1
327;1;0;0;1;0;0;0;0;0;1
328;1;0;0;1;1;1;1;0;1;0
329;1;0;0;0;1;0;1;0;1;0
330;1;1;0;1;1;0;0;1;1;0
331;1;0;1;0;1;0;1;1;1;0
332;1;0;0;1;0;1;1;1;1;1
333;1;0;1;0;0;1;1;0;0;1
334;0;0;0;0;0;0;0;1;1;0
335;1;1;0;0;0;0;1;1;1;1
336;1;0;0;0;0;1;1;0;1;0
337;1;0;1;0;0;0;0;0;1;1
338;1;1;0;0;1;0;0;0;0;0
339;1;1;0;1;1;1;0;0;1;0
340;1;1;0;1;1;0;0;1;1;1
341;0;0;1;1;0;1;0;0;0;1
342;1;1;1;1;1;1;0;0;0;1
343;0;1;1;0;1;0;0;0;1;0
344;0;0;1;0;0;1;1;1;0;0
345;1;1;0;0;0;0;1;0;1;1
346;0;0;1;1;1;0;1;0;0;0
347;1;0;1;0;0;1;0;1;1;1
348;1;0;0;1;1;1;0;0;1;1
349;1;1;0;0;1;1;1;0;0;0
350;1;1;0;0;1;0;0;1;0;0
351;0;0;1;0;0;1;1;1;1;0
352;1;0;0;0;1;1;0;1;1;0
353;1;1;0;1;1;0;0;0;0;1
354;0;1;1;1;1;1;0;1;0;0
355;1;1;1;1;1;1;0;0;0;1
356;1;1;0;0;0;0;0;1;1;0
357;1;1;1;1;1;0;0;1;1;1
358;0;0;0;1;0;1;0;0;1;0
359;1;1;0;1;1;0;1;0;1;1
360;1;1;0;1;1;0;0;1;0;1
361;1;0;1;1;1;1;0;1;1;1
362;1;0;0;0;1;1;1;0;1;1
363;1;0;1;0;0;0;0;0;1;0
364;0;1;1;1;1;1;0;1;0;1
365;0;0;0;1;1;0;1;0;1;0
366;1;1;1;1;1;1;0;0;0;1
367;0;0;0;0;1;1;1;0;1;1
368;1;1;0;0;0;1;0;1;1;1
369;1;1;1;1;0;1;0;0;1;0
370;1;1;1;0;1;0;0;0;1;1
371;0;0;1;0;0;1;1;0;1;0
372;0;0;0;1;0;0;1;1;0;0
373;0;0;1;0;0;0;0;1;1;1
374;1;0;1;0;0;1;0;0;1;1
375;1;1;1;0;0;1;0;1;1;1
376;1;0;1;1;1;0;0;0;1;1
377;1;0;0;1;0;0;0;0;1;0
378;0;1;0;0;1;0;1;0;1;1
379;0;1;1;1;0;1;0;1;0;0
380;0;1;0;1;1;0;1;0;0;1
381;1;0;0;1;1;0;0;0;1;1
382;0;1;0;0;0;1;1;1;1;0
383;0;1;1;0;1;1;0;1;1;1
384;1;0;1;1;0;1;1;1;1;1
385;0;1;1;0;1;1;0;1;0;1
386;0;0;1;1;1;0;1;0;1;1
387;1;1;1;0;0;1;0;0;1;0
388;0;1;0;0;0;1;1;0;1;1
389;1;1;0;1;1;1;1;1;0;0
390;1;1;0;0;1;0;1;0;1;1
391;0;0;1;0;1;1;1;0;1;0
392;1;0;0;0;1;1;0;0;0;1
393;0;1;0;1;0;0;1;1;1;0
394;1;0;0;1;1;0;0;1;0;0
395;0;1;0;1;1;0;0;1;0;0
396;0;1;0;1;0;1;1;1;1;1
397;1;0;0;0;1;0;1;0;0;1
398;1;1;0;0;0;1;0;1;0;1
399;1;1;0;0;1;0;1;1;1;1
400;0;1;0;0;0;0;1;0;0;0
401;0;1;0;1;1;1;0;1;0;1
402;1;0;0;0;0;0;0;0;1;1
403;1;1;0;0;0;0;0;0;1;0
404;1;0;1;1;0;1;0;0;0;1
405;1;1;0;0;0;1;0;1;1;0
406;0;1;0;1;0;1;0;0;1;1
407;0;1;0;0;0;1;0;1;1;0
408;0;1;0;1;0;0;0;1;0;1
409;0;1;1;0;1;0;0;1;0;0
410;0;1;0;1;0;1;1;1;1;1
411;0;1;1;0;1;1;0;1;0;0
412;0;0;1;1;0;1;1;0;1;0
413;1;1;1;0;0;1;0;1;0;0
414;0;1;0;0;0;0;0;0;1;0
415;0;0;1;0;0;0;0;1;0;1
416;1;1;0;1;0;1;0;0;0;1
417;0;1;1;1;1;1;1;1;1;0
418;0;1;0;0;0;1;0;1;0;0
419;0;1;1;0;0;0;0;0;0;0
420;0;1;0;1;1;0;1;1;1;1
421;0;0;1;1;0;1;1;1;0;1
422;1;0;1;0;0;1;1;1;1;1
423;0;0;1;0;0;0;0;0;0;0
424;1;1;0;0;1;0;1;0;1;0
425;1;0;0;1;1;0;0;1;1;0
426;0;0;0;1;1;1;0;1;0;1
427;1;0;0;0;1;1;0;1;0;0
428;1;1;0;0;0;1;1;0;1;1
429;1;1;0;0;1;0;1;1;1;1
430;1;0;1;1;1;1;0;1;0;0
431;1;0;1;1;1;0;1;0;1;0
432;0;0;0;1;0;1;1;0;1;1
433;1;0;0;0;1;0;1;1;1;1
434;0;1;0;0;1;1;0;1;0;0
435;0;0;1;1;0;0;1;0;1;1
436;0;1;1;1;1;0;1;0;0;0
437;1;0;0;0;1;0;0;1;0;1
438;1;0;0;0;0;0;0;1;0;0
439;0;0;1;1;0;0;1;0;1;1
440;1;0;0;1;0;0;0;1;0;0
441;0;0;1;1;1;1;1;1;0;0
442;0;0;0;0;0;1;0;0;1;0
443;0;1;1;0;0;1;1;0;1;0
444;1;0;0;1;1;0;1;0;1;0
445;1;0;0;1;0;0;0;0;1;1
446;1;0;0;1;1;1;1;0;0;1
447;1;1;0;0;1;1;1;0;0;1
448;1;1;1;0;0;0;1;1;1;0
449;1;0;0;0;0;1;0;0;0;0
450;1;0;0;0;1;0;1;1;0;1
451;0;1;0;1;1;1;0;0;1;1
452;0;0;0;0;0;1;0;0;0;0
453;1;1;0;1;0;0;0;0;0;1
454;1;1;1;0;1;0;0;0;0;0
455;0;0;0;1;1;1;1;0;1;0
456;0;0;0;1;1;1;0;0;0;1
457;0;1;0;1;1;1;0;0;0;0
458;0;1;1;0;1;0;0;1;0;1
459;1;0;1;1;1;0;0;1;0;1
460;0;1;0;0;0;0;1;0;1;1
461;1;1;0;0;1;0;1;1;0;1
462;0;1;1;1;0;0;0;1;1;1
463;0;1;1;0;1;1;0;1;1;1
464;1;0;0;1;1;1;1;0;0;0
465;0;0;0;1;0;1;0;0;0;1
466;1;0;0;1;1;1;1;0;1;1
467;0;1;0;0;0;0;0;0;1;1
468;0;0;0;0;1;0;1;1;1;0
469;0;1;0;0;0;0;0;0;0;0
470;0;0;1;0;1;1;0;0;0;0
471;1;0;1;0;0;1;1;1;0;0
472;1;0;0;0;1;0;1;0;1;0
473;0;0;1;0;1;1;0;1;0;1
474;0;1;1;0;1;0;1;0;1;1
475;0;0;0;1;1;1;1;0;0;1
476;1;0;1;1;0;0;0;0;0;0
477;1;0;0;1;1;0;0;1;1;1
478;0;0;0;1;0;0;0;1;1;1
479;1;0;0;1;0;1;1;0;0;0
480;1;1;0;1;1;1;0;0;0;0
481;0;1;1;0;0;0;0;1;1;1
482;1;0;1;1;0;0;0;0;0;0
483;0;1;0;1;1;1;0;0;0;0
484;0;1;1;0;0;1;1;0;1;1
485;0;0;0;1;0;0;0;0;0;1
486;0;1;0;1;0;0;1;0;0;1
487;1;1;1;1;0;1;1;1;0;1
488;0;1;0;0;0;0;1;1;0;0
489;1;0;0;0;0;0;0;0;1;0
490;1;1;1;1;0;1;1;1;1;1
491;1;0;1;1;1;0;0;1;1;1
492;0;1;0;1;0;1;0;1;0;0
493;0;1;1;1;1;0;1;1;0;0
494;0;1;0;1;1;1;1;0;0;0
495;1;0;1;0;1;1;1;0;0;0
496;0;1;0;0;1;1;0;1;1;0
497;1;1;1;1;1;0;1;1;0;0
498;1;0;0;1;0;0;1;0;0;1
499;1;0;1;0;0;0;1;0;0;1
500;0;1;0;1;1;1;1;0;1;0
501;1;1;1;0;0;0;1;1;0;0
502;1;0;0;0;1;1;1;0;0;1
503;1;1;1;0;0;1;1;0;0;1
504;1;1;0;0;1;1;1;1;0;1
505;1;0;1;1;1;0;0;1;0;0
506;1;0;1;0;1;0;1;1;1;1
507;1;1;1;1;1;0;1;1;0;1
508;0;0;1;1;0;0;1;0;1;0
509;1;0;0;0;1;0;0;0;0;1
510;1;0;0;1;1;0;1;1;0;1
511;1;1;1;0;0;1;0;0;1;0
512;1;1;0;1;1;0;0;0;1;1
513;0;0;1;0;1;0;1;0;0;0
514;0;1;0;1;1;1;1;1;0;0
515;1;1;1;0;1;1;1;0;0;1
516;1;0;1;0;0;0;1;1;1;0
517;1;0;1;1;0;0;1;0;1;1
518;1;1;1;0;0;0;0;1;0;1
519;0;0;0;1;0;0;0;1;0;0
520;1;1;0;1;1;1;0;1;1;0
521;1;1;1;0;1;1;1;1;1;0
522;1;0;1;1;0;1;1;0;0;1
523;0;1;0;0;0;1;0;0;1;0
524;0;1;1;1;1;1;1;1;0;0
525;0;1;1;0;0;1;0;1;0;1
526;1;0;0;1;1;1;0;0;1;0
527;1;1;0;0;0;1;0;1;1;0
528;0;0;0;0;0;0;0;0;1;0
529;0;0;1;1;1;1;0;1;0;0
530;1;0;1;0;1;1;0;1;0;1
531;1;0;1;0;0;1;0;1;1;0
532;0;0;0;1;1;0;0;0;0;1
533;1;0;0;0;0;1;0;0;0;1
534;0;0;1;1;1;0;1;1;0;1
535;0;0;0;1;1;1;1;1;1;1
536;0;1;0;0;1;1;1;0;0;0
537;1;1;1;1;0;1;0;0;1;0
538;1;0;1;0;1;1;1;1;0;1
539;0;0;0;1;1;1;1;1;1;1
540;1;1;0;0;0;0;0;0;1;0
541;0;1;1;1;1;0;1;1;0;1
542;0;1;1;1;1;0;0;1;1;0
543;1;0;0;0;1;1;1;1;1;0
544;0;0;0;1;0;0;1;1;1;1
545;1;1;1;1;1;0;0;0;1;0
546;0;0;1;0;1;0;1;1;0;1
547;1;0;1;0;1;0;0;0;0;1
548;0;0;1;1;1;0;0;1;0;0
549;0;0;1;1;0;0;1;1;1;1
550;1;0;1;0;1;0;0;0;1;1
551;1;0;1;1;0;0;0;0;1;1
552;0;1;0;0;0;1;0;0;0;1
553;0;1;0;1;1;0;1;0;0;1
554;0;1;0;0;1;1;0;1;0;0
555;0;0;1;0;0;1;1;1;0;1
556;0;0;0;0;1;1;0;0;0;0
557;1;1;1;0;1;0;1;0;1;0
558;0;0;0;0;1;1;1;0;0;1
559;0;1;0;1;1;0;1;0;1;0
560;1;0;1;0;0;1;1;0;1;1
561;1;1;1;1;1;0;0;0;1;0
562;0;0;1;0;0;1;1;0;1;0
563;0;0;0;0;0;1;0;0;1;0
564;1;0;0;0;0;1;1;0;1;0
565;1;0;0;1;0;1;0;1;0;1
566;1;0;0;1;1;0;1;0;1;1
567;1;0;1;1;1;1;1;0;0;1
568;1;0;0;1;1;0;0;1;1;0
569;0;0;1;0;1;1;0;1;0;0
570;1;0;0;1;0;0;1;1;0;1
571;1;1;1;1;1;1;0;0;0;1
572;0;1;0;1;1;0;1;0;0;1
573;1;0;1;0;1;0;1;0;1;0
574;1;1;1;0;1;1;0;0;1;0
575;0;1;0;0;1;0;1;1;1;1
576;0;0;1;1;1;1;0;0;1;0
577;1;1;1;1;1;0;0;1;0;0
578;1;1;0;1;1;1;1;1;0;1
579;0;0;1;0;1;0;0;0;1;1
580;1;1;0;0;1;0;1;0;1;0
581;1;0;0;1;1;1;1;1;1;0
582;1;1;1;1;1;1;0;0;0;0
583;1;0;1;1;0;1;0;1;1;1
584;0;1;1;1;0;0;1;1;0;1
585;1;1;0;0;1;1;1;0;0;1
586;1;1;1;1;1;1;0;0;1;1
587;0;0;1;0;1;1;1;1;0;0
588;0;0;0;0;0;1;0;1;0;1
589;1;0;1;0;0;0;0;0;1;0
590;0;1;0;0;0;1;1;1;0;0
591;1;1;1;1;1;0;1;1;1;1
592;0;1;0;0;0;0;0;0;0;0
593;0;0;1;1;1;0;0;0;1;1
594;0;0;1;1;1;0;1;1;1;0
595;1;0;1;1;0;1;0;1;0;1
596;1;1;1;0;1;0;0;1;1;0
597;0;0;1;1;1;0;1;1;1;0
598;1;0;0;0;0;0;0;1;1;1
599;1;1;1;0;1;0;1;0;0;0
600;0;1;0;1;1;0;1;1;0;1
601;1;0;0;0;1;0;1;0;0;0
602;1;0;1;0;1;0;0;0;0;0
603;1;0;0;0;1;0;1;1;1;1
604;0;1;0;1;1;1;0;1;0;0
605;0;0;0;1;1;1;1;0;1;0
606;0;0;0;1;1;1;1;1;1;1
607;0;1;1;0;1;0;1;1;1;1
608;0;0;1;0;0;1;1;1;1;0
609;0;1;1;0;0;1;1;1;0;0
610;1;0;0;1;0;0;1;0;0;1
611;1;1;0;1;1;1;1;1;1;0
612;1;1;1;0;1;0;0;0;0;0
613;1;0;1;0;1;1;0;1;0;1
614;1;1;1;0;0;0;0;0;1;1
615;0;0;0;0;0;0;1;0;0;1
616;0;1;1;0;1;0;0;1;1;0
617;1;1;1;1;1;0;1;1;1;1
618;1;1;1;0;0;1;1;1;1;1
619;0;1;1;0;0;1;1;0;1;1
620;1;1;1;1;1;1;1;1;0;0
621;0;0;0;1;1;0;1;1;0;0
622;0;0;1;0;0;0;0;1;1;1
623;1;1;0;0;0;1;0;0;1;1
624;0;1;1;0;0;0;0;0;1;1
625;0;0;0;1;0;0;0;0;1;0
626;1;1;1;1;1;0;1;1;1;0
627;1;1;1;1;0;1;0;1;0;0
628;1;1;0;0;1;1;1;1;1;0
629;0;1;1;0;1;1;0;0;0;1
630;0;1;1;1;1;1;0;0;0;0
631;0;1;1;1;0;0;1;0;1;0
632;0;0;1;0;0;0;1;1;1;1
633;1;1;0;1;1;0;1;0;0;0
634;1;0;0;1;1;0;1;1;0;1
635;0;1;0;1;1;1;0;0;1;0
636;1;0;0;1;0;0;1;1;0;1
637;1;1;0;0;0;1;0;1;1;0
638;0;0;1;0;0;0;1;0;1;0
639;0;1;0;1;1;1;1;0;1;0
640;1;0;1;0;1;1;0;1;0;0
641;1;1;1;1;0;0;1;0;1;0
642;0;0;0;1;0;0;1;0;1;1
643;0;0;1;1;0;1;1;0;0;0
644;0;0;0;0;1;0;0;1;1;0
645;1;1;1;1;1;0;1;1;0;1
646;0;0;1;0;0;0;1;1;1;0
647;1;1;0;0;1;1;1;0;0;1
648;0;0;0;1;0;0;1;0;0;1
649;1;0;0;1;1;1;0;1;0;0
650;0;1;0;0;0;1;0;0;1;0
651;1;1;1;0;1;0;1;1;1;1
652;0;1;1;0;1;0;0;1;0;0
653;0;0;0;0;1;0;0;1;0;0
654;1;1;1;1;1;0;0;1;0;1
655;0;1;1;0;0;1;0;0;0;0
656;0;1;1;0;1;0;0;1;0;1
657;1;1;0;1;0;0;1;0;0;0
658;0;1;1;1;1;0;0;1;0;0
659;1;1;0;0;1;1;0;1;0;0
660;0;1;0;0;0;0;1;0;1;1
661;1;1;1;0;0;0;0;0;0;1
662;1;0;1;0;0;0;0;1;1;1
663;0;1;0;1;1;1;1;1;0;0
664;1;0;1;0;1;0;0;1;0;0
665;1;1;0;0;1;1;0;1;0;1
666;1;0;0;1;0;0;1;1;0;0
667;1;1;0;1;0;1;1;1;1;0
668;1;1;0;0;1;1;0;0;1;1
669;1;1;0;1;0;1;0;0;1;0
670;0;1;1;0;0;1;0;0;0;0
671;1;1;1;0;1;0;1;1;0;1
672;1;1;0;0;1;0;0;0;0;1
673;0;1;1;1;1;1;1;1;1;1
674;1;1;1;0;0;0;0;1;0;1
675;0;1;1;0;0;1;0;1;1;1
676;0;1;0;0;1;1;1;0;1;0
677;0;0;1;1;0;0;1;1;0;0
678;0;1;1;0;0;0;0;0;1;1
679;1;0;0;1;1;0;0;0;0;0
680;0;1;1;1;0;0;0;0;0;0
681;0;0;0;1;1;1;0;1;1;0
682;0;1;1;0;0;0;1;0;1;0
683;0;1;0;0;0;0;0;1;0;0
684;0;1;0;1;1;0;0;0;0;1
685;0;0;1;1;0;0;1;0;0;0
686;0;1;0;0;1;1;0;0;1;1
687;0;1;0;1;0;1;1;1;1;0
688;1;0;0;1;0;0;0;1;1;0
689;0;0;0;0;0;1;1;1;0;0
690;1;0;0;1;1;0;1;1;1;1
691;1;0;1;1;1;1;0;1;1;0
692;0;0;1;0;1;1;0;0;0;0
693;1;0;0;0;1;0;1;0;1;1
694;1;1;1;1;1;1;1;0;0;1
695;0;0;1;1;1;1;0;1;0;0
696;1;1;1;1;0;0;0;0;1;0
697;0;1;0;0;1;1;0;0;1;0
698;1;1;0;1;1;1;1;1;1;0
699;1;0;1;1;0;1;1;0;1;1
700;0;0;0;0;0;0;0;0;1;0
701;0;1;1;1;0;1;0;0;1;0
702;1;1;1;0;0;1;1;0;0;0
703;0;0;0;1;0;0;1;1;1;1
704;0;1;1;0;1;0;1;1;1;0
705;1;1;1;1;1;0;0;1;1;0
706;1;1;0;1;0;0;0;1;0;0
707;1;1;1;0;0;1;0;1;0;1
708;0;0;1;0;1;1;1;1;1;0
709;0;0;0;1;0;1;0;1;1;0
710;1;0;1;1;1;0;0;1;0;1
711;1;1;0;1;1;1;0;0;0;1
712;0;1;0;0;0;0;0;0;1;1
713;1;0;0;1;1;1;0;0;0;0
714;1;0;1;0;1;1;0;0;1;1
715;0;1;0;1;0;0;0;1;1;0
716;0;0;0;0;0;0;0;1;0;1
717;0;0;1;0;1;1;1;1;1;0
718;1;0;1;1;1;0;1;1;0;1
719;0;0;0;1;0;1;1;0;1;0
720;0;1;1;0;0;0;0;1;0;0
721;0;0;1;1;1;0;0;1;0;0
722;1;1;1;0;1;0;0;0;1;0
723;0;0;1;0;0;0;1;0;0;1
724;1;1;0;0;1;0;1;1;0;1
725;1;1;0;1;1;0;0;1;1;1
726;0;1;0;0;1;1;1;1;1;0
727;0;0;1;1;1;0;1;0;0;0
728;0;0;1;1;0;0;0;1;0;0
729;0;1;0;1;0;1;1;1;1;0
730;0;1;1;1;1;1;1;1;1;0
731;0;0;0;0;0;0;0;1;0;0
732;0;0;1;0;0;1;1;0;0;0
733;0;1;1;0;0;1;1;1;1;1
734;0;0;1;1;1;1;0;1;0;1
735;0;1;0;0;1;0;1;1;1;1
736;1;0;0;1;1;0;0;0;1;0
737;1;1;1;0;0;1;1;0;1;1
738;1;1;0;1;0;1;1;1;0;1
739;0;0;0;1;0;1;0;1;1;1
740;0;0;0;1;0;0;1;0;1;1
741;1;0;0;0;1;0;0;0;1;0
742;0;0;0;0;0;1;0;1;1;0
743;1;0;1;1;1;1;0;1;1;1
744;0;1;1;1;1;0;1;1;0;1
745;1;0;0;1;1;0;0;0;0;1
746;1;1;0;0;1;0;0;1;1;0
747;0;0;0;0;1;0;1;1;1;1
748;1;0;1;1;0;1;0;1;1;0
749;1;0;1;1;1;0;1;1;0;1
750;0;0;0;1;1;1;0;0;0;1
751;1;0;1;0;0;1;0;0;1;1
752;1;0;1;0;0;0;0;1;1;1
753;0;1;1;0;1;0;0;1;0;1
754;1;1;1;1;0;0;0;1;0;1
755;0;1;1;1;1;0;0;1;1;0
756;1;0;1;0;0;1;1;0;1;1
757;1;1;1;1;0;0;0;0;1;1
758;1;1;0;1;0;1;1;1;1;1
759;1;1;1;1;0;0;1;1;1;0
760;0;0;0;0;1;1;0;1;0;1
761;0;0;1;0;1;1;1;0;1;0
762;1;0;1;1;0;0;1;1;1;1
763;0;1;1;1;0;1;1;1;1;0
764;1;1;1;0;0;0;0;1;0;0
765;1;1;0;0;1;1;0;0;1;0
766;1;0;0;0;1;1;1;0;1;1
767;1;1;1;1;0;0;1;0;1;1
768;0;0;0;1;0;0;0;1;1;0
769;1;0;0;0;0;0;0;0;0;1
770;1;1;0;1;0;1;0;1;1;0
771;1;0;0;1;1;1;0;0;1;1
772;0;0;0;1;0;1;1;1;0;0
773;1;1;0;1;0;1;1;0;1;0
774;1;0;1;0;1;0;0;0;1;0
775;0;0;0;1;0;1;0;0;1;1
776;1;1;1;1;0;1;0;0;0;1
777;1;0;1;0;0;0;1;1;1;0
778;0;0;0;0;1;1;0;1;1;0
779;1;0;1;0;1;0;1;1;0;0
780;0;0;1;1;1;1;0;1;1;1
781;1;1;0;0;1;0;1;0;0;1
782;0;1;0;1;0;1;1;1;0;0
783;1;0;1;0;1;0;1;1;1;1
784;1;0;0;0;0;0;0;0;1;1
785;0;1;0;1;1;1;1;1;1;0
786;0;1;1;0;0;1;0;1;1;1
787;1;1;0;0;0;0;0;1;1;0
788;1;1;1;0;0;0;1;0;1;1
789;1;0;1;1;1;0;0;0;1;0
790;0;0;0;1;1;0;0;0;0;0
791;0;1;0;0;1;0;1;0;0;1
792;1;1;0;1;1;0;0;1;0;0
793;1;0;0;1;0;1;0;0;0;0
794;1;0;0;0;1;1;0;0;0;0
795;1;1;0;0;0;0;1;0;0;0
796;1;1;0;0;0;0;1;1;0;0
797;0;1;1;0;0;0;1;1;1;0
798;0;1;1;1;1;0;1;0;1;0
799;1;1;1;0;0;0;0;0;0;1
800;0;0;1;0;0;1;1;1;1;1
801;1;1;0;1;0;1;0;0;0;0
802;0;0;0;1;1;0;0;0;0;0
803;1;1;0;0;0;1;1;1;0;0
804;1;1;0;0;0;0;1;0;1;1
805;1;0;0;0;0;0;1;0;0;0
806;0;1;1;0;1;0;0;1;1;1
807;0;0;1;1;0;0;0;1;0;1
808;0;0;1;1;0;1;1;0;0;1
809;1;1;0;0;0;1;0;1;0;0
810;0;1;0;0;1;0;0;0;1;0
811;0;0;0;1;1;0;1;1;0;0
812;1;0;0;0;0;1;1;0;1;0
813;1;1;1;0;0;1;0;1;0;0
814;1;1;0;1;1;0;1;1;0;1
815;1;0;1;0;0;1;0;1;0;1
816;0;0;0;0;1;1;0;0;0;0
817;1;0;1;1;1;1;1;1;0;1
818;1;1;1;1;0;0;0;1;1;1
819;1;0;0;0;0;1;1;1;1;1
820;1;0;0;0;0;0;0;1;1;1
821;1;1;0;1;1;1;0;0;0;1
822;0;1;0;0;0;0;1;1;0;0
823;1;1;1;0;1;0;1;0;1;1
824;0;1;1;0;0;0;1;1;0;1
825;1;1;0;0;0;1;0;0;1;1
826;0;1;0;1;1;1;0;0;1;1
827;1;0;0;0;1;1;1;0;1;1
828;0;1;0;1;1;1;1;0;1;0
829;1;0;1;0;1;1;0;0;0;0
830;0;0;1;1;1;1;0;0;1;0
831;0;0;0;1;0;1;0;1;1;0
832;1;1;0;0;0;1;0;0;0;0
833;1;0;0;0;0;1;1;0;0;1
834;0;1;1;1;0;1;0;1;1;0
835;0;1;1;1;1;1;1;1;0;1
836;0;1;1;0;0;0;1;0;1;1
837;1;0;1;1;0;0;1;0;1;1
838;0;0;1;0;0;1;1;1;1;1
839;0;0;1;1;1;1;0;1;1;0
840;0;0;0;0;1;1;1;1;1;1
841;1;0;0;0;0;0;0;0;0;0
842;1;0;0;0;1;1;0;1;0;0
843;0;0;1;0;0;0;0;1;1;0
844;0;0;1;1;1;1;1;1;1;0
845;1;0;1;1;0;0;1;1;1;0
846;1;1;1;1;1;1;1;0;1;0
847;0;1;1;0;0;0;1;1;1;0
848;1;1;0;0;0;0;1;1;1;1
849;0;1;1;0;0;1;1;1;1;0
850;1;1;0;1;1;0;1;0;1;1
851;0;0;1;0;1;1;0;1;1;0
852;1;1;1;0;1;0;1;0;0;1
853;1;0;1;1;0;1;0;0;0;1
854;0;1;1;0;1;0;1;1;1;0
855;1;1;0;0;1;1;1;1;0;1
856;1;0;0;1;1;0;0;0;0;1
857;0;0;0;0;0;1;0;1;1;0
858;0;0;1;0;1;1;0;0;1;1
859;1;1;0;1;1;1;0;1;0;1
860;1;0;0;0;1;1;0;0;0;0
861;1;1;0;0;1;1;1;0;1;0
862;0;1;1;0;0;1;1;1;1;0
863;0;0;0;0;1;0;0;1;0;0
864;1;1;1;1;1;0;0;0;0;1
865;0;0;1;1;1;1;1;1;1;1
866;0;1;1;1;1;0;1;1;0;1
867;0;1;0;0;0;1;0;0;1;0
868;0;1;1;0;1;1;1;0;0;1
869;0;0;0;0;1;1;0;1;1;0
870;1;0;0;1;0;1;1;0;0;0
871;0;1;0;1;1;1;0;1;1;1
872;1;1;0;0;1;1;1;0;1;1
873;1;1;1;1;1;1;0;0;0;0
874;1;1;0;1;1;1;0;0;1;0
875;0;0;0;1;0;0;0;1;1;1
876;0;1;1;1;1;1;1;0;1;0
877;1;1;1;1;1;1;1;1;1;0
878;0;1;0;1;1;0;1;0;1;0
879;0;0;1;1;0;1;1;0;0;0
880;0;1;0;0;0;0;0;1;1;1
881;1;0;1;1;0;0;1;1;1;0
882;1;1;0;1;0;1;0;0;1;0
883;1;0;1;1;0;1;1;1;0;0
884;1;0;1;0;0;0;0;1;0;1
885;1;0;1;0;1;0;1;1;0;1
886;1;0;1;1;1;0;0;1;1;1
887;0;0;0;0;0;0;1;0;0;1
888;1;0;0;1;0;1;1;1;1;1
889;0;0;0;0;0;0;1;0;0;0
890;1;0;1;1;0;1;1;0;1;1
891;0;0;1;1;0;0;0;0;1;0
892;0;0;1;0;0;1;0;1;1;0
893;1;1;1;0;0;0;0;1;1;0
894;1;0;0;1;0;1;0;0;0;0
895;0;1;0;0;1;1;1;1;1;0
896;1;1;0;0;1;0;0;0;1;0
897;1;1;0;1;1;0;1;1;0;1
898;1;1;1;0;0;0;1;1;1;1
899;0;0;1;1;0;0;0;1;1;0
900;1;0;1;1;0;1;1;1;0;0
901;1;0;0;0;0;0;0;1;0;0
902;0;0;0;0;0;1;0;0;1;0
903;1;1;0;1;1;1;1;0;1;0
904;0;0;1;0;1;1;1;1;1;1
905;1;0;1;0;0;1;1;1;1;0
906;0;1;0;0;1;1;0;1;1;0
907;1;1;1;1;0;0;1;0;0;0
908;1;1;0;0;0;1;0;1;1;1
909;0;0;1;1;1;1;1;0;1;0
910;1;0;1;0;1;1;0;0;1;1
911;0;0;1;0;0;1;0;0;1;1
912;0;0;1;0;0;1;1;1;0;0
913;1;1;1;0;1;0;1;1;1;1
914;0;0;1;1;0;0;0;0;1;1
915;0;1;0;1;0;0;0;0;1;1
916;1;1;0;1;1;1;1;0;0;0
917;0;0;1;1;1;0;0;0;0;0
918;1;1;0;0;1;1;0;1;0;0
919;1;0;0;1;1;0;1;0;1;0
920;0;1;0;1;1;0;0;0;0;1
921;0;1;0;1;0;0;0;1;1;0
922;1;1;0;0;0;1;1;1;1;0
923;0;1;1;1;1;0;1;0;1;1
924;0;0;0;1;0;0;1;1;0;1
925;0;1;0;0;0;0;1;1;1;1
926;0;0;1;1;0;0;0;0;0;0
927;1;0;1;1;1;1;0;0;0;0
928;0;1;1;1;1;0;1;1;0;0
929;1;1;0;0;1;0;0;0;0;0
930;0;0;1;0;0;1;0;1;0;0
931;1;1;1;0;1;0;0;0;0;0
932;1;0;0;0;0;1;1;1;1;1
933;0;1;0;0;0;1;1;1;1;0
934;0;0;0;0;1;0;1;0;0;0
935;1;1;1;0;1;0;1;0;0;1
936;1;0;1;0;0;0;1;1;1;1
937;0;1;0;1;0;1;0;0;0;0
938;0;1;0;1;0;0;1;1;1;1
939;1;0;1;1;0;1;1;0;1;0
940;0;1;1;1;1;1;1;1;1;1
941;0;0;1;0;0;1;1;0;1;0
942;1;0;0;1;1;1;1;0;1;1
943;1;1;0;1;0;1;1;1;0;0
944;1;0;1;0;0;0;0;0;1;1
945;1;0;1;1;0;0;0;1;0;0
946;1;0;1;1;1;1;1;0;1;1
947;1;0;0;1;0;0;1;0;1;1
948;0;0;0;1;0;0;1;1;0;1
949;1;0;0;0;0;1;0;0;0;1
950;0;0;0;1;0;1;1;0;1;0
951;1;1;1;1;0;0;0;0;1;1
952;0;1;0;1;0;0;1;0;0;0
953;0;1;1;0;0;1;0;1;0;0
954;0;1;0;0;0;1;1;1;0;0
955;1;0;0;1;0;1;1;0;0;0
956;1;0;0;0;0;1;0;0;1;1
957;1;0;0;0;0;1;0;0;0;1
958;0;1;0;1;1;0;1;0;0;0
959;0;0;1;1;0;0;0;0;0;1
960;1;0;0;0;1;0;0;0;0;0
961;0;0;0;0;0;0;1;0;0;0
962;0;1;1;1;0;0;0;0;1;0
963;0;1;1;1;0;0;0;1;1;1
964;0;0;1;0;0;1;1;1;0;0
965;1;0;1;0;0;0;1;1;1;0
966;0;0;0;0;1;0;1;0;1;1
967;1;0;0;1;0;0;0;1;1;0
968;0;0;1;1;0;1;0;1;0;1
969;0;1;1;1;0;1;1;0;0;0
970;1;1;0;1;1;0;0;1;1;0
971;0;1;1;1;0;0;0;0;1;0
972;0;1;1;0;1;1;1;1;1;0
973;1;0;1;1;0;0;1;1;1;1
974;1;1;1;0;1;0;1;1;0;0
975;1;1;0;0;1;1;0;0;0;0
976;0;0;0;1;0;0;0;0;0;1
977;0;0;1;1;1;0;1;0;0;0
978;0;0;1;0;1;1;1;0;0;0
979;1;1;1;1;0;0;0;0;1;0
980;0;1;1;0;1;1;0;0;0;1
981;0;0;1;1;1;1;0;0;0;1
982;0;1;0;1;1;1;1;1;0;0
983;1;0;0;0;1;0;1;1;0;0
984;1;1;1;0;0;0;0;0;1;1
985;0;0;0;1;1;0;0;1;1;1
986;0;1;0;1;1;0;0;1;1;0
987;0;1;0;1;0;1;1;1;1;0
988;0;1;0;1;1;0;0;1;1;0
989;0;0;0;0;1;0;1;1;0;0
990;0;1;1;0;0;1;0;1;0;0
991;0;1;1;0;0;1;1;1;1;1
992;1;1;1;1;0;0;1;1;0;1
993;1;1;1;0;0;1;0;0;1;0
994;0;1;1;0;1;1;0;0;1;1
995;1;1;0;1;0;0;1;1;1;1
996;0;1;0;1;0;1;1;0;0;0
997;0;1;1;0;0;1;0;1;1;0
998;1;0;0;1;1;1;0;1;1;1
999;0;1;0;0;0;0;1;1;1;1
1000;0;0;0;1;1;0;0;1;1;1
