id_rooms;wifi;mascotas;fumar;departamento;casa;limpieza;lavadora;parking;bano_propio;amueblado;precio
1;0;1;0;0;1;1;0;0;1;1;7987
2;0;1;0;1;1;0;0;0;1;1;9493
3;1;1;0;0;0;1;1;1;1;1;8635
4;1;0;1;0;0;0;0;0;1;0;7212
5;0;1;1;0;0;1;1;1;0;0;2718
6;1;0;1;1;0;0;1;1;0;1;3426
7;0;0;0;0;0;0;1;0;0;1;2628
8;0;1;0;0;1;0;0;0;0;0;2781
9;1;0;1;0;1;0;0;0;0;0;7043
10;0;0;1;0;0;1;0;1;1;1;3175
11;1;0;1;0;1;0;1;0;1;1;8611
12;1;1;0;1;1;0;1;0;1;0;6089
13;1;1;0;0;1;1;1;1;1;1;2179
14;0;0;0;0;1;1;1;1;0;1;1638
15;1;1;0;1;0;0;1;0;0;0;1719
16;0;0;1;0;0;1;1;1;0;0;8827
17;1;1;1;0;1;0;0;1;1;0;1629
18;0;1;0;0;0;1;1;0;0;0;8551
19;0;1;0;0;1;0;0;1;0;1;1788
20;0;0;0;1;1;0;1;0;1;1;3416
21;0;1;1;1;1;0;1;0;1;1;3086
22;1;0;1;1;1;1;0;1;1;0;2724
23;1;0;1;0;1;0;0;1;0;0;3918
24;0;0;0;1;1;1;1;1;0;0;6429
25;0;1;0;1;1;0;0;0;0;0;7905
26;1;0;1;0;0;1;0;0;0;0;6348
27;0;1;1;0;1;1;0;0;0;1;5210
28;0;1;0;1;0;0;0;0;1;1;2736
29;0;0;0;0;1;1;0;0;1;1;3959
30;1;0;0;0;0;0;1;1;0;1;7557
31;0;1;0;1;0;0;1;1;1;1;8743
32;1;0;1;0;1;0;1;1;0;1;8171
33;1;0;0;1;0;1;1;1;1;0;3153
34;1;1;1;1;1;0;1;1;1;1;7975
35;1;1;1;0;0;0;0;1;1;0;1203
36;1;0;0;1;1;0;0;0;0;1;2310
37;1;1;0;1;0;0;0;1;1;1;5077
38;0;0;1;0;1;0;1;0;0;1;7038
39;0;0;1;0;1;1;0;0;1;0;9115
40;1;1;1;0;1;0;0;0;1;0;7861
41;1;1;0;0;1;1;0;1;0;0;8940
42;1;0;1;0;0;1;0;1;0;1;2553
43;0;0;0;1;1;1;0;1;1;1;5867
44;1;1;0;1;1;0;1;0;0;0;1160
45;1;1;0;1;1;0;0;1;0;1;8143
46;0;0;1;1;1;0;1;0;0;1;3766
47;1;0;0;0;1;1;0;0;1;0;2196
48;1;0;0;1;1;1;0;1;0;1;7180
49;1;0;0;0;0;0;1;0;1;1;3976
50;0;0;0;1;0;1;1;0;0;0;3663
51;1;0;0;1;1;1;1;0;0;0;3759
52;0;0;0;1;0;0;0;0;0;1;8603
53;1;1;0;0;1;1;1;1;1;0;5024
54;0;1;0;0;1;1;1;1;1;0;3878
55;0;1;1;1;1;0;0;0;0;0;5685
56;1;1;0;0;1;1;0;1;0;0;7567
57;0;0;0;0;1;0;0;0;1;0;7481
58;1;0;0;1;1;1;1;1;1;0;4031
59;1;1;0;0;0;1;0;1;0;1;8192
60;1;1;1;0;1;0;0;0;0;0;1054
61;1;0;1;1;0;0;1;0;1;1;3847
62;1;1;1;0;1;1;1;1;0;1;4691
63;1;0;0;0;0;1;1;1;1;1;6034
64;0;1;0;1;0;1;0;1;0;1;1367
65;0;1;1;1;1;1;1;0;1;1;1280
66;0;0;0;1;1;0;1;0;0;1;7711
67;1;1;0;1;0;0;1;1;1;1;6790
68;0;1;1;1;0;0;0;1;0;0;9816
69;1;1;1;1;1;1;1;0;0;0;8336
70;1;1;1;0;0;0;1;1;0;0;7155
71;1;1;1;1;1;1;0;0;0;0;3620
72;0;1;1;0;1;0;0;1;1;0;7995
73;1;1;1;0;1;1;0;1;1;1;5768
74;0;1;0;0;0;1;1;0;1;1;5563
75;0;0;0;0;1;0;0;1;1;0;1776
76;1;1;0;0;0;1;0;1;0;1;9188
77;1;0;0;0;0;1;0;1;1;1;9977
78;1;0;1;0;0;0;1;0;0;1;8493
79;0;1;1;1;0;1;1;0;1;1;1048
80;0;0;0;1;0;1;0;0;0;0;8895
81;0;0;0;0;0;1;0;0;1;1;9130
82;1;0;0;1;0;1;1;1;0;0;8244
83;1;0;1;1;1;0;0;1;1;1;4525
84;1;0;1;0;0;0;0;0;0;1;9455
85;0;0;0;1;0;1;1;0;0;1;7794
86;0;1;0;1;0;0;0;1;0;0;9726
87;1;1;0;0;1;0;1;0;0;0;9425
88;1;1;0;0;1;1;1;1;0;1;5699
89;1;0;1;0;1;0;0;1;0;1;9267
90;0;1;0;0;1;0;0;0;1;0;4998
91;0;0;1;0;1;1;0;1;1;0;7669
92;1;0;1;1;0;1;1;1;0;0;8140
93;0;0;0;1;1;1;1;1;1;0;3215
94;0;1;0;0;0;1;0;0;0;1;8744
95;1;0;1;1;0;0;1;1;0;0;2778
96;1;0;1;1;0;0;1;1;1;1;8091
97;1;0;0;0;1;1;1;0;1;0;2892
98;1;0;1;1;1;0;1;1;1;1;6465
99;1;1;0;1;0;0;0;0;0;0;4119
100;0;0;0;0;1;0;1;0;1;0;9753
101;1;1;0;0;0;1;1;1;1;1;1099
102;0;0;0;0;0;0;1;1;0;1;5990
103;0;0;1;0;0;0;1;1;0;1;5158
104;0;0;1;0;1;1;0;1;1;0;9262
105;0;0;1;0;1;1;0;0;1;1;7544
106;0;1;0;0;1;1;1;1;0;1;3315
107;0;1;0;1;1;0;1;0;0;1;6431
108;1;1;0;1;0;0;1;1;0;1;2229
109;0;1;0;1;0;1;0;1;0;1;7553
110;0;1;1;0;0;1;0;1;1;1;7816
111;0;1;0;0;1;0;1;0;0;0;7815
112;0;0;0;0;0;1;1;1;0;0;1465
113;0;1;0;0;1;0;1;0;0;1;7724
114;1;0;1;0;1;0;0;1;0;1;1897
115;0;0;1;1;0;1;1;1;1;0;6077
116;1;1;0;0;0;1;1;0;1;0;1719
117;0;0;0;1;1;0;0;0;0;1;3878
118;0;1;0;0;1;1;1;1;0;1;8757
119;0;0;1;1;0;0;1;0;1;0;6419
120;1;1;1;0;1;1;0;0;1;1;7529
121;0;1;1;0;1;1;1;0;0;1;4751
122;0;1;1;0;1;0;0;0;0;1;9082
123;0;1;0;0;1;0;0;0;1;1;8065
124;0;1;1;1;0;1;0;1;1;1;2169
125;1;1;0;1;1;1;1;1;0;0;8857
126;0;1;0;0;0;1;1;1;0;0;9203
127;1;1;1;1;1;1;1;1;1;0;8860
128;1;0;1;0;1;1;0;0;0;1;5739
129;1;0;0;1;1;0;0;1;1;1;9182
130;1;0;0;0;1;1;1;0;1;0;9447
131;0;1;0;1;1;1;0;0;1;0;1214
132;1;0;0;1;0;0;1;1;0;1;4246
133;0;0;0;1;1;1;0;0;1;1;7175
134;1;1;1;1;1;0;1;0;1;0;3998
135;1;1;0;1;0;1;0;0;1;0;4311
136;0;0;1;0;0;0;0;0;1;1;2182
137;0;1;0;1;0;1;0;1;0;0;3541
138;1;1;0;1;1;0;0;0;0;0;3214
139;1;0;0;1;1;1;0;0;0;0;3372
140;0;1;1;0;1;0;1;1;1;1;9187
141;1;0;1;0;0;0;1;1;1;1;7843
142;1;1;0;1;1;1;1;1;0;1;2786
143;1;0;1;1;0;1;0;0;0;0;6684
144;0;1;1;1;0;1;0;0;1;1;7416
145;0;1;0;1;0;1;0;0;0;0;1827
146;1;0;0;1;0;1;1;0;0;0;6792
147;0;1;1;1;0;1;1;1;0;0;7370
148;1;1;1;0;1;0;1;1;0;0;5330
149;0;0;0;0;0;0;1;1;0;0;7142
150;1;1;0;0;0;1;0;0;0;0;3311
151;1;1;1;0;1;1;1;0;0;1;5892
152;0;1;1;1;1;1;1;0;1;1;4318
153;1;1;0;1;0;0;0;0;1;1;1279
154;0;1;0;1;1;1;1;0;0;0;9907
155;0;1;1;0;1;0;1;0;1;0;9492
156;1;1;0;1;1;0;1;0;0;1;6366
157;1;1;0;1;1;1;0;0;1;0;2255
158;1;1;1;0;1;1;1;0;0;0;4645
159;1;0;0;0;0;1;1;0;1;0;7376
160;0;1;1;0;1;0;0;0;0;0;1308
161;0;0;1;0;0;1;0;0;0;1;2226
162;0;1;1;1;0;0;1;0;1;1;1555
163;1;1;1;1;1;0;1;0;1;1;7091
164;0;1;0;1;1;1;0;0;0;0;1758
165;1;1;0;0;1;0;1;1;1;0;4616
166;1;1;1;1;1;1;0;0;0;1;6717
167;1;0;0;0;1;1;0;1;1;0;1701
168;1;0;1;1;0;1;0;1;0;0;5523
169;1;1;1;0;0;1;0;1;1;1;1129
170;0;1;1;1;1;1;0;0;0;0;9387
171;0;1;1;1;0;0;1;1;0;0;3017
172;1;0;1;0;0;1;0;1;0;1;1286
173;0;1;1;1;0;1;0;1;0;1;9295
174;1;0;1;1;0;1;1;0;1;1;5010
175;1;1;1;1;0;1;0;0;1;0;1565
176;1;0;1;0;1;1;1;0;1;0;5834
177;0;0;0;1;0;0;1;0;0;0;5003
178;1;1;1;0;1;0;1;1;1;1;1384
179;0;1;0;0;0;1;1;0;0;0;2670
180;0;1;1;0;1;0;1;1;1;0;5368
181;0;0;0;0;1;0;1;1;1;1;1114
182;0;0;1;1;1;1;0;1;0;1;3319
183;0;1;0;0;0;1;1;0;1;1;9738
184;0;0;0;0;0;1;0;0;0;0;4678
185;1;1;0;1;0;1;1;0;0;0;6788
186;1;1;0;0;1;1;0;1;1;1;3583
187;1;1;1;1;0;1;1;1;0;0;5364
188;0;1;0;0;1;0;0;1;1;1;3244
189;0;0;0;0;1;0;1;0;1;0;3261
190;1;1;0;0;1;1;0;1;1;1;4710
191;0;1;1;0;0;0;1;1;0;0;3944
192;0;0;0;1;0;0;0;1;1;1;9484
193;0;0;1;1;0;1;0;0;1;0;7286
194;0;1;0;0;1;0;1;1;0;1;3970
195;1;0;0;0;1;1;0;0;0;0;7600
196;1;1;0;1;1;1;1;0;0;1;4079
197;1;1;1;0;0;1;1;1;1;0;5155
198;0;1;1;1;0;0;1;0;0;0;6753
199;0;1;0;0;0;1;0;1;0;1;8820
200;0;1;0;1;0;1;0;1;0;1;1734
201;0;1;1;1;1;1;1;1;1;0;3854
202;0;1;1;0;1;0;0;0;1;0;2599
203;0;0;0;1;0;1;1;1;1;0;3586
204;0;0;0;0;0;1;0;0;1;1;7413
205;1;0;1;0;1;1;1;0;1;1;7168
206;1;0;0;0;1;0;1;1;1;0;9839
207;0;1;1;0;0;1;1;0;1;1;9143
208;0;0;1;0;1;0;0;1;1;1;4516
209;0;1;0;0;1;0;1;0;0;0;7900
210;1;0;1;1;0;1;0;0;0;0;7113
211;0;0;0;1;0;1;1;1;0;0;6941
212;1;1;0;0;1;1;0;0;1;1;4454
213;1;1;0;1;0;1;1;1;0;1;4486
214;0;1;1;1;1;0;0;0;1;1;2050
215;1;1;0;1;1;0;1;0;1;1;2792
216;0;0;0;0;0;1;0;1;0;0;1079
217;0;0;1;1;0;0;1;1;0;1;3236
218;1;0;0;1;0;1;1;1;0;0;3074
219;0;1;0;1;1;1;1;0;0;1;7638
220;1;1;1;1;1;1;0;0;1;1;5772
221;1;0;1;1;1;1;0;0;0;1;6363
222;0;1;0;0;0;1;1;1;1;0;2475
223;0;0;0;0;0;1;1;0;0;0;8649
224;0;0;1;1;0;0;1;0;0;0;6927
225;0;0;1;0;0;0;0;1;1;0;4601
226;0;1;0;1;1;1;0;1;1;0;7785
227;0;1;0;1;0;1;1;0;0;0;4136
228;1;0;0;1;1;1;0;0;1;1;6475
229;0;1;0;1;1;1;1;1;1;0;1116
230;0;1;0;1;1;1;0;0;0;1;4193
231;0;1;1;0;1;0;1;1;1;1;5651
232;0;1;0;0;0;0;1;0;1;0;3473
233;0;0;0;0;0;0;1;0;1;0;6992
234;0;0;0;1;1;1;0;1;0;1;4667
235;0;1;0;1;1;1;1;0;1;0;4073
236;0;0;1;0;0;1;1;0;0;1;6380
237;0;1;1;0;1;0;1;0;0;0;6924
238;1;0;0;1;0;1;1;1;1;0;1510
239;0;1;0;1;1;0;1;0;0;0;1378
240;0;0;0;1;1;0;0;0;1;0;6967
241;1;1;1;1;1;0;0;0;0;0;5064
242;1;0;0;0;1;0;1;1;1;1;2833
243;0;0;1;1;1;0;1;1;1;1;7510
244;0;0;0;1;0;1;0;0;0;0;5769
245;1;1;1;1;1;1;1;0;1;1;4288
246;0;1;0;1;1;1;1;0;0;1;6098
247;0;0;0;1;1;1;0;1;1;1;5166
248;1;1;0;0;0;0;0;0;1;0;8790
249;0;1;1;0;0;0;0;1;0;1;2712
250;0;0;1;1;0;0;1;1;1;1;2392
251;1;0;0;1;1;0;1;1;1;1;3538
252;1;0;0;1;1;0;1;0;1;1;6297
253;0;1;1;0;0;1;0;1;1;1;5101
254;0;0;1;0;0;1;0;0;1;0;9515
255;0;1;1;0;0;0;1;1;0;1;4891
256;1;1;0;0;0;1;0;1;1;1;8506
257;0;1;1;0;0;1;1;1;0;1;9523
258;0;0;0;0;0;1;0;1;0;1;2353
259;1;0;0;0;0;1;0;1;0;1;5386
260;0;1;1;0;0;0;1;1;0;1;1228
261;0;1;1;1;1;1;0;1;0;1;7171
262;0;0;0;1;1;1;0;0;1;1;8218
263;0;1;1;0;0;0;1;0;1;0;5150
264;1;0;0;1;0;0;1;0;0;0;9172
265;1;0;1;0;1;0;1;1;0;0;1698
266;0;0;1;0;1;1;0;0;0;1;1786
267;0;0;0;0;0;1;0;1;1;0;1917
268;0;0;0;1;1;1;0;0;1;1;4073
269;0;0;0;1;0;1;0;1;1;0;6336
270;0;0;1;1;1;1;1;1;1;1;6699
271;1;0;0;0;1;1;1;0;0;1;3737
272;0;1;0;1;1;0;1;1;1;0;8123
273;1;1;1;0;0;1;0;1;0;0;4198
274;0;1;1;0;0;1;0;1;0;1;2437
275;0;1;0;0;1;0;0;1;0;1;4234
276;1;0;1;0;0;1;1;1;1;0;5862
277;0;1;1;1;0;1;0;1;0;1;3983
278;1;0;1;0;0;0;0;0;0;0;8503
279;0;1;0;1;1;1;0;0;1;1;1337
280;1;0;1;0;0;1;0;1;0;0;5294
281;0;0;1;1;1;0;0;0;0;0;3516
282;1;1;1;0;0;1;0;0;0;1;6741
283;1;0;0;0;1;0;0;0;0;1;3342
284;1;0;1;1;1;0;1;0;0;1;7837
285;0;1;1;0;1;0;0;1;0;1;6856
286;1;0;0;0;0;1;0;0;1;1;7248
287;1;1;1;0;0;1;0;0;1;1;1027
288;1;0;1;1;0;0;1;0;0;1;3149
289;0;1;1;1;1;1;1;1;0;1;4628
290;0;1;0;0;0;0;0;0;1;1;2288
291;1;0;0;1;0;0;1;1;1;0;4075
292;0;1;0;0;1;0;1;1;0;0;6874
293;1;0;1;1;1;1;1;0;0;0;9948
294;0;0;1;0;0;0;0;0;0;1;9959
295;0;0;0;0;0;1;1;1;1;1;1487
296;0;1;0;1;1;1;1;0;0;0;7563
297;0;0;1;1;1;0;1;1;1;1;8025
298;0;1;0;0;0;1;1;0;0;1;4683
299;1;1;1;1;1;0;0;0;1;0;7821
300;1;0;0;0;1;1;0;1;1;0;6322
301;0;1;1;1;0;1;1;1;1;1;9911
302;0;1;1;0;1;1;0;1;1;0;4157
303;0;0;0;0;1;1;1;0;1;1;9746
304;1;1;0;0;1;0;0;0;1;0;7413
305;1;1;1;1;1;1;0;0;0;0;5937
306;1;0;1;0;1;0;0;1;1;0;7408
307;0;0;1;0;0;0;0;1;0;0;2444
308;1;0;0;1;1;0;1;1;1;1;6463
309;0;0;1;0;1;1;1;0;1;1;8444
310;1;0;1;1;0;0;0;0;0;1;8712
311;0;0;1;0;0;1;1;0;1;1;5220
312;1;1;0;1;1;1;0;0;1;0;6590
313;1;0;0;1;0;0;1;1;0;0;7409
314;1;0;0;0;1;1;1;1;0;1;7365
315;0;0;0;0;1;1;0;0;0;1;8795
316;0;0;1;0;0;1;0;1;0;1;7457
317;1;1;1;1;1;0;0;1;0;0;8244
318;0;1;1;0;1;0;0;1;1;1;5584
319;1;1;1;1;0;1;0;0;1;1;2732
320;1;1;0;1;1;1;0;1;1;0;2818
321;1;1;0;1;0;0;1;1;0;1;5359
322;0;0;0;1;1;1;0;1;1;0;6592
323;0;1;0;1;1;1;0;1;0;0;5384
324;1;1;0;1;1;0;1;1;1;0;1711
325;0;0;0;0;1;1;0;0;1;1;3665
326;0;0;0;0;0;1;1;1;1;1;6172
327;1;0;0;1;0;0;0;0;0;1;4576
328;1;0;0;1;1;1;1;0;1;0;3308
329;1;0;0;0;1;0;1;0;1;0;1471
330;1;1;0;1;1;0;0;1;1;0;2873
331;1;0;1;0;1;0;1;1;1;0;8594
332;1;0;0;1;0;1;1;1;1;1;1944
333;1;0;1;0;0;1;1;0;0;1;7026
334;0;0;0;0;0;0;0;1;1;0;7653
335;1;1;0;0;0;0;1;1;1;1;4438
336;1;0;0;0;0;1;1;0;1;0;5759
337;1;0;1;0;0;0;0;0;1;1;1904
338;1;1;0;0;1;0;0;0;0;0;1737
339;1;1;0;1;1;1;0;0;1;0;3348
340;1;1;0;1;1;0;0;1;1;1;9857
341;0;0;1;1;0;1;0;0;0;1;3915
342;1;1;1;1;1;1;0;0;0;1;9735
343;0;1;1;0;1;0;0;0;1;0;4288
344;0;0;1;0;0;1;1;1;0;0;6792
345;1;1;0;0;0;0;1;0;1;1;7703
346;0;0;1;1;1;0;1;0;0;0;1940
347;1;0;1;0;0;1;0;1;1;1;9250
348;1;0;0;1;1;1;0;0;1;1;3961
349;1;1;0;0;1;1;1;0;0;0;7679
350;1;1;0;0;1;0;0;1;0;0;1075
351;0;0;1;0;0;1;1;1;1;0;4753
352;1;0;0;0;1;1;0;1;1;0;9667
353;1;1;0;1;1;0;0;0;0;1;8154
354;0;1;1;1;1;1;0;1;0;0;4857
355;1;1;1;1;1;1;0;0;0;1;9295
356;1;1;0;0;0;0;0;1;1;0;5806
357;1;1;1;1;1;0;0;1;1;1;6739
358;0;0;0;1;0;1;0;0;1;0;4055
359;1;1;0;1;1;0;1;0;1;1;9581
360;1;1;0;1;1;0;0;1;0;1;7399
361;1;0;1;1;1;1;0;1;1;1;5123
362;1;0;0;0;1;1;1;0;1;1;3440
363;1;0;1;0;0;0;0;0;1;0;3862
364;0;1;1;1;1;1;0;1;0;1;2626
365;0;0;0;1;1;0;1;0;1;0;4187
366;1;1;1;1;1;1;0;0;0;1;8508
367;0;0;0;0;1;1;1;0;1;1;6595
368;1;1;0;0;0;1;0;1;1;1;7480
369;1;1;1;1;0;1;0;0;1;0;7249
370;1;1;1;0;1;0;0;0;1;1;1036
371;0;0;1;0;0;1;1;0;1;0;9675
372;0;0;0;1;0;0;1;1;0;0;5692
373;0;0;1;0;0;0;0;1;1;1;1109
374;1;0;1;0;0;1;0;0;1;1;6733
375;1;1;1;0;0;1;0;1;1;1;7172
376;1;0;1;1;1;0;0;0;1;1;9752
377;1;0;0;1;0;0;0;0;1;0;3478
378;0;1;0;0;1;0;1;0;1;1;6753
379;0;1;1;1;0;1;0;1;0;0;4295
380;0;1;0;1;1;0;1;0;0;1;7036
381;1;0;0;1;1;0;0;0;1;1;2435
382;0;1;0;0;0;1;1;1;1;0;8651
383;0;1;1;0;1;1;0;1;1;1;9682
384;1;0;1;1;0;1;1;1;1;1;3268
385;0;1;1;0;1;1;0;1;0;1;2129
386;0;0;1;1;1;0;1;0;1;1;8587
387;1;1;1;0;0;1;0;0;1;0;5707
388;0;1;0;0;0;1;1;0;1;1;1897
389;1;1;0;1;1;1;1;1;0;0;3583
390;1;1;0;0;1;0;1;0;1;1;4744
391;0;0;1;0;1;1;1;0;1;0;9161
392;1;0;0;0;1;1;0;0;0;1;1055
393;0;1;0;1;0;0;1;1;1;0;7414
394;1;0;0;1;1;0;0;1;0;0;2871
395;0;1;0;1;1;0;0;1;0;0;4341
396;0;1;0;1;0;1;1;1;1;1;1760
397;1;0;0;0;1;0;1;0;0;1;8631
398;1;1;0;0;0;1;0;1;0;1;8204
399;1;1;0;0;1;0;1;1;1;1;7090
400;0;1;0;0;0;0;1;0;0;0;2709
401;0;1;0;1;1;1;0;1;0;1;9667
402;1;0;0;0;0;0;0;0;1;1;7664
403;1;1;0;0;0;0;0;0;1;0;6037
404;1;0;1;1;0;1;0;0;0;1;2371
405;1;1;0;0;0;1;0;1;1;0;5658
406;0;1;0;1;0;1;0;0;1;1;6711
407;0;1;0;0;0;1;0;1;1;0;4015
408;0;1;0;1;0;0;0;1;0;1;4538
409;0;1;1;0;1;0;0;1;0;0;2049
410;0;1;0;1;0;1;1;1;1;1;9546
411;0;1;1;0;1;1;0;1;0;0;4044
412;0;0;1;1;0;1;1;0;1;0;5975
413;1;1;1;0;0;1;0;1;0;0;9435
414;0;1;0;0;0;0;0;0;1;0;7910
415;0;0;1;0;0;0;0;1;0;1;7122
416;1;1;0;1;0;1;0;0;0;1;6882
417;0;1;1;1;1;1;1;1;1;0;5894
418;0;1;0;0;0;1;0;1;0;0;9641
419;0;1;1;0;0;0;0;0;0;0;4466
420;0;1;0;1;1;0;1;1;1;1;5391
421;0;0;1;1;0;1;1;1;0;1;4440
422;1;0;1;0;0;1;1;1;1;1;5380
423;0;0;1;0;0;0;0;0;0;0;3940
424;1;1;0;0;1;0;1;0;1;0;6671
425;1;0;0;1;1;0;0;1;1;0;2134
426;0;0;0;1;1;1;0;1;0;1;8565
427;1;0;0;0;1;1;0;1;0;0;8116
428;1;1;0;0;0;1;1;0;1;1;7999
429;1;1;0;0;1;0;1;1;1;1;5898
430;1;0;1;1;1;1;0;1;0;0;9397
431;1;0;1;1;1;0;1;0;1;0;8208
432;0;0;0;1;0;1;1;0;1;1;2687
433;1;0;0;0;1;0;1;1;1;1;7930
434;0;1;0;0;1;1;0;1;0;0;5669
435;0;0;1;1;0;0;1;0;1;1;5511
436;0;1;1;1;1;0;1;0;0;0;5842
437;1;0;0;0;1;0;0;1;0;1;3504
438;1;0;0;0;0;0;0;1;0;0;6105
439;0;0;1;1;0;0;1;0;1;1;6353
440;1;0;0;1;0;0;0;1;0;0;8487
441;0;0;1;1;1;1;1;1;0;0;5469
442;0;0;0;0;0;1;0;0;1;0;1152
443;0;1;1;0;0;1;1;0;1;0;3797
444;1;0;0;1;1;0;1;0;1;0;4132
445;1;0;0;1;0;0;0;0;1;1;9627
446;1;0;0;1;1;1;1;0;0;1;9426
447;1;1;0;0;1;1;1;0;0;1;5191
448;1;1;1;0;0;0;1;1;1;0;5419
449;1;0;0;0;0;1;0;0;0;0;4973
450;1;0;0;0;1;0;1;1;0;1;2350
451;0;1;0;1;1;1;0;0;1;1;8849
452;0;0;0;0;0;1;0;0;0;0;6168
453;1;1;0;1;0;0;0;0;0;1;5380
454;1;1;1;0;1;0;0;0;0;0;3393
455;0;0;0;1;1;1;1;0;1;0;4614
456;0;0;0;1;1;1;0;0;0;1;8430
457;0;1;0;1;1;1;0;0;0;0;9951
458;0;1;1;0;1;0;0;1;0;1;9636
459;1;0;1;1;1;0;0;1;0;1;6691
460;0;1;0;0;0;0;1;0;1;1;8263
461;1;1;0;0;1;0;1;1;0;1;6893
462;0;1;1;1;0;0;0;1;1;1;3660
463;0;1;1;0;1;1;0;1;1;1;3155
464;1;0;0;1;1;1;1;0;0;0;1209
465;0;0;0;1;0;1;0;0;0;1;4283
466;1;0;0;1;1;1;1;0;1;1;6131
467;0;1;0;0;0;0;0;0;1;1;8450
468;0;0;0;0;1;0;1;1;1;0;7239
469;0;1;0;0;0;0;0;0;0;0;2592
470;0;0;1;0;1;1;0;0;0;0;8327
471;1;0;1;0;0;1;1;1;0;0;9156
472;1;0;0;0;1;0;1;0;1;0;7225
473;0;0;1;0;1;1;0;1;0;1;8873
474;0;1;1;0;1;0;1;0;1;1;2986
475;0;0;0;1;1;1;1;0;0;1;4193
476;1;0;1;1;0;0;0;0;0;0;4019
477;1;0;0;1;1;0;0;1;1;1;6406
478;0;0;0;1;0;0;0;1;1;1;9891
479;1;0;0;1;0;1;1;0;0;0;3458
480;1;1;0;1;1;1;0;0;0;0;5226
481;0;1;1;0;0;0;0;1;1;1;8388
482;1;0;1;1;0;0;0;0;0;0;3958
483;0;1;0;1;1;1;0;0;0;0;3305
484;0;1;1;0;0;1;1;0;1;1;8831
485;0;0;0;1;0;0;0;0;0;1;2921
486;0;1;0;1;0;0;1;0;0;1;3398
487;1;1;1;1;0;1;1;1;0;1;3600
488;0;1;0;0;0;0;1;1;0;0;3960
489;1;0;0;0;0;0;0;0;1;0;3815
490;1;1;1;1;0;1;1;1;1;1;3835
491;1;0;1;1;1;0;0;1;1;1;4162
492;0;1;0;1;0;1;0;1;0;0;4866
493;0;1;1;1;1;0;1;1;0;0;5792
494;0;1;0;1;1;1;1;0;0;0;5208
495;1;0;1;0;1;1;1;0;0;0;7447
496;0;1;0;0;1;1;0;1;1;0;5873
497;1;1;1;1;1;0;1;1;0;0;6499
498;1;0;0;1;0;0;1;0;0;1;9592
499;1;0;1;0;0;0;1;0;0;1;8047
500;0;1;0;1;1;1;1;0;1;0;3805
501;1;1;1;0;0;0;1;1;0;0;2596
502;1;0;0;0;1;1;1;0;0;1;1485
503;1;1;1;0;0;1;1;0;0;1;1543
504;1;1;0;0;1;1;1;1;0;1;7638
505;1;0;1;1;1;0;0;1;0;0;2402
506;1;0;1;0;1;0;1;1;1;1;4471
507;1;1;1;1;1;0;1;1;0;1;3627
508;0;0;1;1;0;0;1;0;1;0;8786
509;1;0;0;0;1;0;0;0;0;1;6478
510;1;0;0;1;1;0;1;1;0;1;8029
511;1;1;1;0;0;1;0;0;1;0;4237
512;1;1;0;1;1;0;0;0;1;1;2631
513;0;0;1;0;1;0;1;0;0;0;3100
514;0;1;0;1;1;1;1;1;0;0;1196
515;1;1;1;0;1;1;1;0;0;1;8591
516;1;0;1;0;0;0;1;1;1;0;9840
517;1;0;1;1;0;0;1;0;1;1;8170
518;1;1;1;0;0;0;0;1;0;1;7280
519;0;0;0;1;0;0;0;1;0;0;9706
520;1;1;0;1;1;1;0;1;1;0;2125
521;1;1;1;0;1;1;1;1;1;0;8840
522;1;0;1;1;0;1;1;0;0;1;8715
523;0;1;0;0;0;1;0;0;1;0;6298
524;0;1;1;1;1;1;1;1;0;0;4321
525;0;1;1;0;0;1;0;1;0;1;3529
526;1;0;0;1;1;1;0;0;1;0;9531
527;1;1;0;0;0;1;0;1;1;0;9107
528;0;0;0;0;0;0;0;0;1;0;3143
529;0;0;1;1;1;1;0;1;0;0;2470
530;1;0;1;0;1;1;0;1;0;1;8904
531;1;0;1;0;0;1;0;1;1;0;1020
532;0;0;0;1;1;0;0;0;0;1;6356
533;1;0;0;0;0;1;0;0;0;1;3347
534;0;0;1;1;1;0;1;1;0;1;1729
535;0;0;0;1;1;1;1;1;1;1;7161
536;0;1;0;0;1;1;1;0;0;0;3205
537;1;1;1;1;0;1;0;0;1;0;8568
538;1;0;1;0;1;1;1;1;0;1;7982
539;0;0;0;1;1;1;1;1;1;1;4329
540;1;1;0;0;0;0;0;0;1;0;6346
541;0;1;1;1;1;0;1;1;0;1;3295
542;0;1;1;1;1;0;0;1;1;0;5684
543;1;0;0;0;1;1;1;1;1;0;2927
544;0;0;0;1;0;0;1;1;1;1;2794
545;1;1;1;1;1;0;0;0;1;0;5272
546;0;0;1;0;1;0;1;1;0;1;2588
547;1;0;1;0;1;0;0;0;0;1;6779
548;0;0;1;1;1;0;0;1;0;0;1587
549;0;0;1;1;0;0;1;1;1;1;4816
550;1;0;1;0;1;0;0;0;1;1;3181
551;1;0;1;1;0;0;0;0;1;1;9754
552;0;1;0;0;0;1;0;0;0;1;7502
553;0;1;0;1;1;0;1;0;0;1;6102
554;0;1;0;0;1;1;0;1;0;0;7575
555;0;0;1;0;0;1;1;1;0;1;1355
556;0;0;0;0;1;1;0;0;0;0;6465
557;1;1;1;0;1;0;1;0;1;0;3627
558;0;0;0;0;1;1;1;0;0;1;8807
559;0;1;0;1;1;0;1;0;1;0;2516
560;1;0;1;0;0;1;1;0;1;1;9922
561;1;1;1;1;1;0;0;0;1;0;9039
562;0;0;1;0;0;1;1;0;1;0;3716
563;0;0;0;0;0;1;0;0;1;0;1016
564;1;0;0;0;0;1;1;0;1;0;7554
565;1;0;0;1;0;1;0;1;0;1;2610
566;1;0;0;1;1;0;1;0;1;1;5107
567;1;0;1;1;1;1;1;0;0;1;8655
568;1;0;0;1;1;0;0;1;1;0;2715
569;0;0;1;0;1;1;0;1;0;0;7266
570;1;0;0;1;0;0;1;1;0;1;7612
571;1;1;1;1;1;1;0;0;0;1;1198
572;0;1;0;1;1;0;1;0;0;1;8246
573;1;0;1;0;1;0;1;0;1;0;2189
574;1;1;1;0;1;1;0;0;1;0;4430
575;0;1;0;0;1;0;1;1;1;1;7759
576;0;0;1;1;1;1;0;0;1;0;3700
577;1;1;1;1;1;0;0;1;0;0;2052
578;1;1;0;1;1;1;1;1;0;1;4853
579;0;0;1;0;1;0;0;0;1;1;8819
580;1;1;0;0;1;0;1;0;1;0;6055
581;1;0;0;1;1;1;1;1;1;0;9412
582;1;1;1;1;1;1;0;0;0;0;1771
583;1;0;1;1;0;1;0;1;1;1;3444
584;0;1;1;1;0;0;1;1;0;1;2990
585;1;1;0;0;1;1;1;0;0;1;1402
586;1;1;1;1;1;1;0;0;1;1;5073
587;0;0;1;0;1;1;1;1;0;0;3876
588;0;0;0;0;0;1;0;1;0;1;9717
589;1;0;1;0;0;0;0;0;1;0;2887
590;0;1;0;0;0;1;1;1;0;0;4091
591;1;1;1;1;1;0;1;1;1;1;1506
592;0;1;0;0;0;0;0;0;0;0;2585
593;0;0;1;1;1;0;0;0;1;1;8777
594;0;0;1;1;1;0;1;1;1;0;8703
595;1;0;1;1;0;1;0;1;0;1;5214
596;1;1;1;0;1;0;0;1;1;0;2145
597;0;0;1;1;1;0;1;1;1;0;9426
598;1;0;0;0;0;0;0;1;1;1;2559
599;1;1;1;0;1;0;1;0;0;0;9087
600;0;1;0;1;1;0;1;1;0;1;5244
601;1;0;0;0;1;0;1;0;0;0;1503
602;1;0;1;0;1;0;0;0;0;0;6572
603;1;0;0;0;1;0;1;1;1;1;8663
604;0;1;0;1;1;1;0;1;0;0;2821
605;0;0;0;1;1;1;1;0;1;0;1693
606;0;0;0;1;1;1;1;1;1;1;4278
607;0;1;1;0;1;0;1;1;1;1;6787
608;0;0;1;0;0;1;1;1;1;0;6378
609;0;1;1;0;0;1;1;1;0;0;1570
610;1;0;0;1;0;0;1;0;0;1;4302
611;1;1;0;1;1;1;1;1;1;0;4706
612;1;1;1;0;1;0;0;0;0;0;9960
613;1;0;1;0;1;1;0;1;0;1;1270
614;1;1;1;0;0;0;0;0;1;1;3814
615;0;0;0;0;0;0;1;0;0;1;8668
616;0;1;1;0;1;0;0;1;1;0;9542
617;1;1;1;1;1;0;1;1;1;1;7440
618;1;1;1;0;0;1;1;1;1;1;2594
619;0;1;1;0;0;1;1;0;1;1;3777
620;1;1;1;1;1;1;1;1;0;0;1391
621;0;0;0;1;1;0;1;1;0;0;3875
622;0;0;1;0;0;0;0;1;1;1;5073
623;1;1;0;0;0;1;0;0;1;1;6468
624;0;1;1;0;0;0;0;0;1;1;5002
625;0;0;0;1;0;0;0;0;1;0;2544
626;1;1;1;1;1;0;1;1;1;0;6500
627;1;1;1;1;0;1;0;1;0;0;2812
628;1;1;0;0;1;1;1;1;1;0;3451
629;0;1;1;0;1;1;0;0;0;1;2069
630;0;1;1;1;1;1;0;0;0;0;6912
631;0;1;1;1;0;0;1;0;1;0;9243
632;0;0;1;0;0;0;1;1;1;1;3265
633;1;1;0;1;1;0;1;0;0;0;1180
634;1;0;0;1;1;0;1;1;0;1;9294
635;0;1;0;1;1;1;0;0;1;0;4293
636;1;0;0;1;0;0;1;1;0;1;8776
637;1;1;0;0;0;1;0;1;1;0;7757
638;0;0;1;0;0;0;1;0;1;0;6634
639;0;1;0;1;1;1;1;0;1;0;6554
640;1;0;1;0;1;1;0;1;0;0;6755
641;1;1;1;1;0;0;1;0;1;0;2968
642;0;0;0;1;0;0;1;0;1;1;8859
643;0;0;1;1;0;1;1;0;0;0;1972
644;0;0;0;0;1;0;0;1;1;0;2610
645;1;1;1;1;1;0;1;1;0;1;3791
646;0;0;1;0;0;0;1;1;1;0;2544
647;1;1;0;0;1;1;1;0;0;1;8266
648;0;0;0;1;0;0;1;0;0;1;3585
649;1;0;0;1;1;1;0;1;0;0;9883
650;0;1;0;0;0;1;0;0;1;0;4261
651;1;1;1;0;1;0;1;1;1;1;3118
652;0;1;1;0;1;0;0;1;0;0;3082
653;0;0;0;0;1;0;0;1;0;0;3916
654;1;1;1;1;1;0;0;1;0;1;3277
655;0;1;1;0;0;1;0;0;0;0;9105
656;0;1;1;0;1;0;0;1;0;1;4996
657;1;1;0;1;0;0;1;0;0;0;5131
658;0;1;1;1;1;0;0;1;0;0;5754
659;1;1;0;0;1;1;0;1;0;0;3883
660;0;1;0;0;0;0;1;0;1;1;9767
661;1;1;1;0;0;0;0;0;0;1;3775
662;1;0;1;0;0;0;0;1;1;1;8975
663;0;1;0;1;1;1;1;1;0;0;5235
664;1;0;1;0;1;0;0;1;0;0;1258
665;1;1;0;0;1;1;0;1;0;1;1560
666;1;0;0;1;0;0;1;1;0;0;5799
667;1;1;0;1;0;1;1;1;1;0;8451
668;1;1;0;0;1;1;0;0;1;1;7620
669;1;1;0;1;0;1;0;0;1;0;9271
670;0;1;1;0;0;1;0;0;0;0;7885
671;1;1;1;0;1;0;1;1;0;1;8046
672;1;1;0;0;1;0;0;0;0;1;4454
673;0;1;1;1;1;1;1;1;1;1;2041
674;1;1;1;0;0;0;0;1;0;1;2881
675;0;1;1;0;0;1;0;1;1;1;6683
676;0;1;0;0;1;1;1;0;1;0;3875
677;0;0;1;1;0;0;1;1;0;0;6890
678;0;1;1;0;0;0;0;0;1;1;7095
679;1;0;0;1;1;0;0;0;0;0;8995
680;0;1;1;1;0;0;0;0;0;0;3218
681;0;0;0;1;1;1;0;1;1;0;3380
682;0;1;1;0;0;0;1;0;1;0;2208
683;0;1;0;0;0;0;0;1;0;0;2405
684;0;1;0;1;1;0;0;0;0;1;9208
685;0;0;1;1;0;0;1;0;0;0;5871
686;0;1;0;0;1;1;0;0;1;1;2109
687;0;1;0;1;0;1;1;1;1;0;9052
688;1;0;0;1;0;0;0;1;1;0;1218
689;0;0;0;0;0;1;1;1;0;0;3102
690;1;0;0;1;1;0;1;1;1;1;1020
691;1;0;1;1;1;1;0;1;1;0;4518
692;0;0;1;0;1;1;0;0;0;0;3573
693;1;0;0;0;1;0;1;0;1;1;7643
694;1;1;1;1;1;1;1;0;0;1;9842
695;0;0;1;1;1;1;0;1;0;0;3952
696;1;1;1;1;0;0;0;0;1;0;6523
697;0;1;0;0;1;1;0;0;1;0;2778
698;1;1;0;1;1;1;1;1;1;0;8534
699;1;0;1;1;0;1;1;0;1;1;6410
700;0;0;0;0;0;0;0;0;1;0;2100
701;0;1;1;1;0;1;0;0;1;0;7347
702;1;1;1;0;0;1;1;0;0;0;1566
703;0;0;0;1;0;0;1;1;1;1;4958
704;0;1;1;0;1;0;1;1;1;0;8684
705;1;1;1;1;1;0;0;1;1;0;6302
706;1;1;0;1;0;0;0;1;0;0;9156
707;1;1;1;0;0;1;0;1;0;1;6711
708;0;0;1;0;1;1;1;1;1;0;1474
709;0;0;0;1;0;1;0;1;1;0;8580
710;1;0;1;1;1;0;0;1;0;1;2363
711;1;1;0;1;1;1;0;0;0;1;1975
712;0;1;0;0;0;0;0;0;1;1;3969
713;1;0;0;1;1;1;0;0;0;0;9074
714;1;0;1;0;1;1;0;0;1;1;4958
715;0;1;0;1;0;0;0;1;1;0;8580
716;0;0;0;0;0;0;0;1;0;1;3909
717;0;0;1;0;1;1;1;1;1;0;5546
718;1;0;1;1;1;0;1;1;0;1;8029
719;0;0;0;1;0;1;1;0;1;0;3147
720;0;1;1;0;0;0;0;1;0;0;4788
721;0;0;1;1;1;0;0;1;0;0;1667
722;1;1;1;0;1;0;0;0;1;0;3664
723;0;0;1;0;0;0;1;0;0;1;1261
724;1;1;0;0;1;0;1;1;0;1;3742
725;1;1;0;1;1;0;0;1;1;1;7136
726;0;1;0;0;1;1;1;1;1;0;2252
727;0;0;1;1;1;0;1;0;0;0;8863
728;0;0;1;1;0;0;0;1;0;0;5507
729;0;1;0;1;0;1;1;1;1;0;4721
730;0;1;1;1;1;1;1;1;1;0;4949
731;0;0;0;0;0;0;0;1;0;0;1692
732;0;0;1;0;0;1;1;0;0;0;1361
733;0;1;1;0;0;1;1;1;1;1;9657
734;0;0;1;1;1;1;0;1;0;1;8585
735;0;1;0;0;1;0;1;1;1;1;5331
736;1;0;0;1;1;0;0;0;1;0;4162
737;1;1;1;0;0;1;1;0;1;1;4157
738;1;1;0;1;0;1;1;1;0;1;3930
739;0;0;0;1;0;1;0;1;1;1;8577
740;0;0;0;1;0;0;1;0;1;1;1949
741;1;0;0;0;1;0;0;0;1;0;7729
742;0;0;0;0;0;1;0;1;1;0;8852
743;1;0;1;1;1;1;0;1;1;1;1324
744;0;1;1;1;1;0;1;1;0;1;2946
745;1;0;0;1;1;0;0;0;0;1;9945
746;1;1;0;0;1;0;0;1;1;0;6749
747;0;0;0;0;1;0;1;1;1;1;6729
748;1;0;1;1;0;1;0;1;1;0;9000
749;1;0;1;1;1;0;1;1;0;1;2077
750;0;0;0;1;1;1;0;0;0;1;4898
751;1;0;1;0;0;1;0;0;1;1;2181
752;1;0;1;0;0;0;0;1;1;1;2345
753;0;1;1;0;1;0;0;1;0;1;6192
754;1;1;1;1;0;0;0;1;0;1;4421
755;0;1;1;1;1;0;0;1;1;0;9182
756;1;0;1;0;0;1;1;0;1;1;7019
757;1;1;1;1;0;0;0;0;1;1;5619
758;1;1;0;1;0;1;1;1;1;1;4276
759;1;1;1;1;0;0;1;1;1;0;5928
760;0;0;0;0;1;1;0;1;0;1;8787
761;0;0;1;0;1;1;1;0;1;0;1968
762;1;0;1;1;0;0;1;1;1;1;8815
763;0;1;1;1;0;1;1;1;1;0;5799
764;1;1;1;0;0;0;0;1;0;0;6562
765;1;1;0;0;1;1;0;0;1;0;2824
766;1;0;0;0;1;1;1;0;1;1;1355
767;1;1;1;1;0;0;1;0;1;1;6485
768;0;0;0;1;0;0;0;1;1;0;6861
769;1;0;0;0;0;0;0;0;0;1;4541
770;1;1;0;1;0;1;0;1;1;0;5646
771;1;0;0;1;1;1;0;0;1;1;2438
772;0;0;0;1;0;1;1;1;0;0;9697
773;1;1;0;1;0;1;1;0;1;0;8367
774;1;0;1;0;1;0;0;0;1;0;4353
775;0;0;0;1;0;1;0;0;1;1;5381
776;1;1;1;1;0;1;0;0;0;1;4266
777;1;0;1;0;0;0;1;1;1;0;2557
778;0;0;0;0;1;1;0;1;1;0;2912
779;1;0;1;0;1;0;1;1;0;0;4904
780;0;0;1;1;1;1;0;1;1;1;5833
781;1;1;0;0;1;0;1;0;0;1;6043
782;0;1;0;1;0;1;1;1;0;0;3978
783;1;0;1;0;1;0;1;1;1;1;4776
784;1;0;0;0;0;0;0;0;1;1;5016
785;0;1;0;1;1;1;1;1;1;0;1620
786;0;1;1;0;0;1;0;1;1;1;3470
787;1;1;0;0;0;0;0;1;1;0;8469
788;1;1;1;0;0;0;1;0;1;1;2259
789;1;0;1;1;1;0;0;0;1;0;1632
790;0;0;0;1;1;0;0;0;0;0;5635
791;0;1;0;0;1;0;1;0;0;1;8470
792;1;1;0;1;1;0;0;1;0;0;3070
793;1;0;0;1;0;1;0;0;0;0;1680
794;1;0;0;0;1;1;0;0;0;0;3240
795;1;1;0;0;0;0;1;0;0;0;7947
796;1;1;0;0;0;0;1;1;0;0;9015
797;0;1;1;0;0;0;1;1;1;0;6585
798;0;1;1;1;1;0;1;0;1;0;5065
799;1;1;1;0;0;0;0;0;0;1;2841
800;0;0;1;0;0;1;1;1;1;1;2438
801;1;1;0;1;0;1;0;0;0;0;4150
802;0;0;0;1;1;0;0;0;0;0;7218
803;1;1;0;0;0;1;1;1;0;0;1569
804;1;1;0;0;0;0;1;0;1;1;2547
805;1;0;0;0;0;0;1;0;0;0;9129
806;0;1;1;0;1;0;0;1;1;1;4536
807;0;0;1;1;0;0;0;1;0;1;6845
808;0;0;1;1;0;1;1;0;0;1;6262
809;1;1;0;0;0;1;0;1;0;0;7308
810;0;1;0;0;1;0;0;0;1;0;3364
811;0;0;0;1;1;0;1;1;0;0;4210
812;1;0;0;0;0;1;1;0;1;0;1721
813;1;1;1;0;0;1;0;1;0;0;6141
814;1;1;0;1;1;0;1;1;0;1;9738
815;1;0;1;0;0;1;0;1;0;1;3904
816;0;0;0;0;1;1;0;0;0;0;1387
817;1;0;1;1;1;1;1;1;0;1;3899
818;1;1;1;1;0;0;0;1;1;1;1377
819;1;0;0;0;0;1;1;1;1;1;3916
820;1;0;0;0;0;0;0;1;1;1;4506
821;1;1;0;1;1;1;0;0;0;1;3018
822;0;1;0;0;0;0;1;1;0;0;5177
823;1;1;1;0;1;0;1;0;1;1;8106
824;0;1;1;0;0;0;1;1;0;1;5752
825;1;1;0;0;0;1;0;0;1;1;8751
826;0;1;0;1;1;1;0;0;1;1;7695
827;1;0;0;0;1;1;1;0;1;1;3716
828;0;1;0;1;1;1;1;0;1;0;8419
829;1;0;1;0;1;1;0;0;0;0;3997
830;0;0;1;1;1;1;0;0;1;0;8996
831;0;0;0;1;0;1;0;1;1;0;2264
832;1;1;0;0;0;1;0;0;0;0;9278
833;1;0;0;0;0;1;1;0;0;1;8241
834;0;1;1;1;0;1;0;1;1;0;6375
835;0;1;1;1;1;1;1;1;0;1;1549
836;0;1;1;0;0;0;1;0;1;1;8591
837;1;0;1;1;0;0;1;0;1;1;7866
838;0;0;1;0;0;1;1;1;1;1;2201
839;0;0;1;1;1;1;0;1;1;0;9769
840;0;0;0;0;1;1;1;1;1;1;2999
841;1;0;0;0;0;0;0;0;0;0;3113
842;1;0;0;0;1;1;0;1;0;0;6465
843;0;0;1;0;0;0;0;1;1;0;7791
844;0;0;1;1;1;1;1;1;1;0;7750
845;1;0;1;1;0;0;1;1;1;0;5050
846;1;1;1;1;1;1;1;0;1;0;6208
847;0;1;1;0;0;0;1;1;1;0;6506
848;1;1;0;0;0;0;1;1;1;1;7405
849;0;1;1;0;0;1;1;1;1;0;5334
850;1;1;0;1;1;0;1;0;1;1;8771
851;0;0;1;0;1;1;0;1;1;0;3512
852;1;1;1;0;1;0;1;0;0;1;1781
853;1;0;1;1;0;1;0;0;0;1;7563
854;0;1;1;0;1;0;1;1;1;0;1354
855;1;1;0;0;1;1;1;1;0;1;7417
856;1;0;0;1;1;0;0;0;0;1;1230
857;0;0;0;0;0;1;0;1;1;0;1588
858;0;0;1;0;1;1;0;0;1;1;5408
859;1;1;0;1;1;1;0;1;0;1;8927
860;1;0;0;0;1;1;0;0;0;0;1078
861;1;1;0;0;1;1;1;0;1;0;4383
862;0;1;1;0;0;1;1;1;1;0;9857
863;0;0;0;0;1;0;0;1;0;0;4963
864;1;1;1;1;1;0;0;0;0;1;9761
865;0;0;1;1;1;1;1;1;1;1;6712
866;0;1;1;1;1;0;1;1;0;1;1714
867;0;1;0;0;0;1;0;0;1;0;4339
868;0;1;1;0;1;1;1;0;0;1;7051
869;0;0;0;0;1;1;0;1;1;0;9152
870;1;0;0;1;0;1;1;0;0;0;4880
871;0;1;0;1;1;1;0;1;1;1;4611
872;1;1;0;0;1;1;1;0;1;1;8271
873;1;1;1;1;1;1;0;0;0;0;6155
874;1;1;0;1;1;1;0;0;1;0;3230
875;0;0;0;1;0;0;0;1;1;1;3510
876;0;1;1;1;1;1;1;0;1;0;3699
877;1;1;1;1;1;1;1;1;1;0;3728
878;0;1;0;1;1;0;1;0;1;0;8767
879;0;0;1;1;0;1;1;0;0;0;4259
880;0;1;0;0;0;0;0;1;1;1;9179
881;1;0;1;1;0;0;1;1;1;0;8481
882;1;1;0;1;0;1;0;0;1;0;9151
883;1;0;1;1;0;1;1;1;0;0;2370
884;1;0;1;0;0;0;0;1;0;1;6131
885;1;0;1;0;1;0;1;1;0;1;6659
886;1;0;1;1;1;0;0;1;1;1;1500
887;0;0;0;0;0;0;1;0;0;1;7449
888;1;0;0;1;0;1;1;1;1;1;1080
889;0;0;0;0;0;0;1;0;0;0;1796
890;1;0;1;1;0;1;1;0;1;1;3043
891;0;0;1;1;0;0;0;0;1;0;4900
892;0;0;1;0;0;1;0;1;1;0;4554
893;1;1;1;0;0;0;0;1;1;0;8590
894;1;0;0;1;0;1;0;0;0;0;1754
895;0;1;0;0;1;1;1;1;1;0;1968
896;1;1;0;0;1;0;0;0;1;0;6121
897;1;1;0;1;1;0;1;1;0;1;5005
898;1;1;1;0;0;0;1;1;1;1;4197
899;0;0;1;1;0;0;0;1;1;0;1350
900;1;0;1;1;0;1;1;1;0;0;8907
901;1;0;0;0;0;0;0;1;0;0;8630
902;0;0;0;0;0;1;0;0;1;0;4216
903;1;1;0;1;1;1;1;0;1;0;3049
904;0;0;1;0;1;1;1;1;1;1;6765
905;1;0;1;0;0;1;1;1;1;0;8943
906;0;1;0;0;1;1;0;1;1;0;5008
907;1;1;1;1;0;0;1;0;0;0;4316
908;1;1;0;0;0;1;0;1;1;1;3654
909;0;0;1;1;1;1;1;0;1;0;1378
910;1;0;1;0;1;1;0;0;1;1;1618
911;0;0;1;0;0;1;0;0;1;1;8977
912;0;0;1;0;0;1;1;1;0;0;6901
913;1;1;1;0;1;0;1;1;1;1;8391
914;0;0;1;1;0;0;0;0;1;1;2624
915;0;1;0;1;0;0;0;0;1;1;9529
916;1;1;0;1;1;1;1;0;0;0;4016
917;0;0;1;1;1;0;0;0;0;0;5854
918;1;1;0;0;1;1;0;1;0;0;2189
919;1;0;0;1;1;0;1;0;1;0;1576
920;0;1;0;1;1;0;0;0;0;1;1417
921;0;1;0;1;0;0;0;1;1;0;6855
922;1;1;0;0;0;1;1;1;1;0;1102
923;0;1;1;1;1;0;1;0;1;1;5933
924;0;0;0;1;0;0;1;1;0;1;4121
925;0;1;0;0;0;0;1;1;1;1;2287
926;0;0;1;1;0;0;0;0;0;0;3641
927;1;0;1;1;1;1;0;0;0;0;9831
928;0;1;1;1;1;0;1;1;0;0;4178
929;1;1;0;0;1;0;0;0;0;0;9705
930;0;0;1;0;0;1;0;1;0;0;4436
931;1;1;1;0;1;0;0;0;0;0;8784
932;1;0;0;0;0;1;1;1;1;1;7710
933;0;1;0;0;0;1;1;1;1;0;8031
934;0;0;0;0;1;0;1;0;0;0;5586
935;1;1;1;0;1;0;1;0;0;1;5482
936;1;0;1;0;0;0;1;1;1;1;7255
937;0;1;0;1;0;1;0;0;0;0;9982
938;0;1;0;1;0;0;1;1;1;1;4818
939;1;0;1;1;0;1;1;0;1;0;8154
940;0;1;1;1;1;1;1;1;1;1;9627
941;0;0;1;0;0;1;1;0;1;0;2510
942;1;0;0;1;1;1;1;0;1;1;3084
943;1;1;0;1;0;1;1;1;0;0;8842
944;1;0;1;0;0;0;0;0;1;1;6032
945;1;0;1;1;0;0;0;1;0;0;7514
946;1;0;1;1;1;1;1;0;1;1;7648
947;1;0;0;1;0;0;1;0;1;1;4706
948;0;0;0;1;0;0;1;1;0;1;2239
949;1;0;0;0;0;1;0;0;0;1;2809
950;0;0;0;1;0;1;1;0;1;0;4511
951;1;1;1;1;0;0;0;0;1;1;1094
952;0;1;0;1;0;0;1;0;0;0;2275
953;0;1;1;0;0;1;0;1;0;0;6376
954;0;1;0;0;0;1;1;1;0;0;7774
955;1;0;0;1;0;1;1;0;0;0;9046
956;1;0;0;0;0;1;0;0;1;1;3124
957;1;0;0;0;0;1;0;0;0;1;7587
958;0;1;0;1;1;0;1;0;0;0;5346
959;0;0;1;1;0;0;0;0;0;1;9644
960;1;0;0;0;1;0;0;0;0;0;1108
961;0;0;0;0;0;0;1;0;0;0;5805
962;0;1;1;1;0;0;0;0;1;0;8525
963;0;1;1;1;0;0;0;1;1;1;1423
964;0;0;1;0;0;1;1;1;0;0;7848
965;1;0;1;0;0;0;1;1;1;0;4358
966;0;0;0;0;1;0;1;0;1;1;4458
967;1;0;0;1;0;0;0;1;1;0;9286
968;0;0;1;1;0;1;0;1;0;1;8201
969;0;1;1;1;0;1;1;0;0;0;7384
970;1;1;0;1;1;0;0;1;1;0;3085
971;0;1;1;1;0;0;0;0;1;0;9952
972;0;1;1;0;1;1;1;1;1;0;7625
973;1;0;1;1;0;0;1;1;1;1;4499
974;1;1;1;0;1;0;1;1;0;0;8641
975;1;1;0;0;1;1;0;0;0;0;7757
976;0;0;0;1;0;0;0;0;0;1;6265
977;0;0;1;1;1;0;1;0;0;0;2351
978;0;0;1;0;1;1;1;0;0;0;8103
979;1;1;1;1;0;0;0;0;1;0;7932
980;0;1;1;0;1;1;0;0;0;1;3118
981;0;0;1;1;1;1;0;0;0;1;2182
982;0;1;0;1;1;1;1;1;0;0;8799
983;1;0;0;0;1;0;1;1;0;0;5295
984;1;1;1;0;0;0;0;0;1;1;3526
985;0;0;0;1;1;0;0;1;1;1;8986
986;0;1;0;1;1;0;0;1;1;0;1445
987;0;1;0;1;0;1;1;1;1;0;2463
988;0;1;0;1;1;0;0;1;1;0;9848
989;0;0;0;0;1;0;1;1;0;0;4221
990;0;1;1;0;0;1;0;1;0;0;8622
991;0;1;1;0;0;1;1;1;1;1;7986
992;1;1;1;1;0;0;1;1;0;1;9907
993;1;1;1;0;0;1;0;0;1;0;3946
994;0;1;1;0;1;1;0;0;1;1;4419
995;1;1;0;1;0;0;1;1;1;1;8243
996;0;1;0;1;0;1;1;0;0;0;8594
997;0;1;1;0;0;1;0;1;1;0;6816
998;1;0;0;1;1;1;0;1;1;1;1145
999;0;1;0;0;0;0;1;1;1;1;2755
1000;0;0;0;1;1;0;0;1;1;1;4772
