id,data,room,series,gym,travels,running,write,podcast,music,videogames
1,11/14/2019,1,599,529,118,935,573,629,328,772
2,5/4/2019,2,352,538,518,210,222,274,82,270
3,2/26/2019,1,519,763,615,339,965,769,435,427
4,2/25/2019,2,991,181,993,446,32,799,774,986
5,8/30/2019,3,291,377,679,563,369,319,634,858
6,11/21/2019,2,691,622,740,484,814,477,712,997
7,7/7/2019,1,86,704,790,534,925,436,290,401
8,2/13/2019,2,357,483,133,546,10,677,138,953
9,11/21/2019,3,486,805,113,928,567,377,420,392
10,1/4/2019,1,804,951,775,720,168,515,3,530
11,9/3/2019,1,174,114,613,453,613,939,941,813
12,6/5/2020,2,460,335,870,768,762,675,926,213
13,9/18/2019,2,469,459,649,354,648,264,957,936
14,4/30/2020,1,612,374,47,162,261,598,479,42
15,4/16/2020,3,71,166,904,627,55,236,361,120
16,7/24/2019,3,104,579,53,298,184,129,784,656
17,7/11/2020,3,463,746,525,875,655,819,896,841
18,3/28/2020,2,757,517,688,418,391,259,200,879
19,11/11/2019,1,96,129,438,363,315,649,729,989
20,10/17/2019,2,736,997,168,278,832,221,486,797
21,9/17/2019,1,320,752,345,112,207,283,36,310
22,6/3/2020,2,775,202,239,764,679,572,981,323
23,12/7/2019,2,685,181,584,196,360,220,920,188
24,4/11/2020,3,328,563,692,854,995,935,558,983
25,1/16/2019,3,129,960,300,4,41,632,970,323
26,6/17/2019,3,161,735,315,992,722,177,261,48
27,3/14/2019,3,181,754,388,395,459,658,367,184
28,1/31/2019,2,255,635,247,916,178,308,462,449
29,10/12/2019,3,960,669,770,444,80,812,101,682
30,10/7/2019,1,287,302,887,869,77,312,47,11
31,3/18/2019,2,984,134,367,596,944,603,12,640
32,6/14/2019,1,688,384,807,964,234,429,816,271
33,1/4/2019,2,708,299,368,571,247,137,237,361
34,5/13/2020,1,245,852,627,434,291,581,276,25
35,7/2/2019,1,946,767,965,22,89,547,147,988
36,9/26/2019,2,45,996,157,722,84,222,386,454
37,2/8/2019,1,927,971,354,643,62,455,177,374
38,6/25/2019,3,273,407,296,82,304,822,397,672
39,5/19/2020,2,352,197,991,12,219,883,18,31
40,1/4/2020,3,430,327,520,721,107,868,936,711
41,1/31/2019,3,243,346,884,441,711,958,253,640
42,12/3/2019,2,1000,608,800,638,585,133,697,297
43,3/31/2019,2,210,787,69,71,54,891,636,447
44,1/14/2020,2,1,563,826,134,671,181,149,17
45,3/5/2020,2,118,430,289,516,6,980,677,300
46,4/13/2020,2,270,156,527,863,12,963,289,830
47,1/12/2019,2,596,981,649,720,738,232,889,184
48,8/12/2019,2,773,505,99,825,187,80,89,713
49,5/12/2020,2,129,851,793,503,73,692,963,38
50,4/1/2020,3,796,684,537,209,787,494,118,853
51,7/8/2019,2,851,14,684,185,336,735,520,36
52,8/9/2019,3,787,678,366,526,675,392,600,469
53,8/8/2019,2,796,81,620,841,191,833,884,323
54,8/21/2019,3,682,546,332,895,883,268,99,427
55,4/3/2020,1,505,363,907,232,306,808,75,695
56,6/19/2019,3,623,133,12,612,758,161,759,283
57,3/5/2020,2,889,765,902,553,599,589,701,563
58,3/18/2020,1,586,42,118,694,715,507,257,22
59,1/20/2020,3,582,493,248,611,832,125,691,746
60,4/8/2019,2,286,494,943,962,959,193,714,16
61,7/6/2019,2,493,746,43,86,800,608,624,673
62,7/13/2019,1,273,372,603,157,409,219,609,618
63,5/15/2019,3,417,194,124,999,905,420,492,425
64,8/4/2019,1,51,212,681,772,648,768,557,297
65,8/12/2019,2,678,944,765,688,644,149,341,33
66,1/13/2020,1,628,531,663,426,552,408,26,437
67,4/19/2019,2,38,345,20,509,173,205,252,345
68,6/3/2020,1,574,737,261,772,274,771,14,106
69,1/5/2020,1,953,501,517,94,422,142,806,942
70,1/8/2020,2,313,210,109,682,446,0,942,339
71,4/10/2020,3,152,407,22,849,129,768,169,565
72,10/12/2019,1,187,316,246,795,776,643,415,404
73,4/8/2019,2,260,359,644,186,160,815,94,856
74,5/29/2020,1,664,92,319,18,285,600,737,904
75,2/11/2020,1,147,874,964,550,855,804,383,847
76,3/26/2019,1,21,370,709,138,9,56,408,895
77,9/25/2019,2,747,848,797,557,486,707,237,774
78,10/1/2019,3,561,800,945,328,228,135,983,749
79,11/24/2019,3,713,267,115,221,906,238,388,472
80,3/12/2019,2,593,874,980,413,497,445,248,416
81,6/28/2020,1,513,933,528,129,988,782,467,650
82,2/2/2019,3,865,398,506,690,505,653,687,564
83,1/30/2020,1,120,744,787,553,2,537,536,917
84,1/21/2019,2,597,758,662,160,793,961,17,583
85,2/26/2020,2,420,786,793,648,628,317,339,570
86,6/30/2019,3,891,238,41,418,74,944,517,977
87,3/8/2019,3,226,802,162,642,286,305,561,358
88,3/2/2020,2,320,303,598,646,520,774,731,484
89,4/3/2019,2,91,863,841,623,784,670,474,507
90,4/29/2019,1,316,253,540,267,547,908,394,52
91,2/22/2020,1,388,98,535,869,293,109,648,981
92,7/19/2020,3,729,423,339,666,545,758,717,612
93,3/30/2020,3,436,608,983,811,103,301,130,261
94,7/21/2020,3,502,700,577,849,263,55,778,395
95,3/6/2020,1,126,238,127,89,943,928,243,32
96,11/14/2019,2,511,868,129,479,773,339,178,408
97,4/11/2020,1,737,146,516,703,764,643,884,496
98,5/26/2019,2,168,58,421,421,693,839,173,265
99,5/9/2020,1,32,255,732,537,393,821,83,442
100,4/21/2019,1,742,944,884,375,766,437,318,618
101,4/22/2019,2,151,539,801,349,812,963,603,659
102,3/6/2020,2,924,529,893,903,937,696,790,740
103,1/29/2020,1,883,12,155,714,379,21,520,242
104,7/13/2020,2,243,194,996,708,996,834,100,761
105,10/1/2019,1,408,366,28,123,764,456,665,637
106,6/27/2020,1,895,862,240,771,440,139,302,649
107,2/12/2020,1,450,186,516,576,949,463,760,652
108,4/30/2019,3,659,289,851,627,801,350,254,633
109,8/9/2019,1,373,417,337,470,412,677,571,737
110,6/6/2020,1,286,986,492,169,193,94,155,826
111,4/17/2020,3,934,813,327,214,316,792,477,488
112,7/21/2020,3,93,553,631,37,918,923,779,117
113,4/4/2020,2,268,571,651,933,680,487,713,301
114,4/12/2019,3,300,910,311,556,529,648,954,321
115,4/12/2020,3,319,675,956,984,538,659,119,914
116,3/16/2020,3,3,900,11,448,692,979,952,148
117,3/28/2019,2,87,29,783,698,484,290,724,670
118,1/10/2019,1,316,230,129,625,864,823,679,961
119,4/29/2019,1,513,190,660,366,789,443,484,458
120,2/24/2020,1,658,752,581,358,633,387,926,865
121,1/11/2020,3,560,559,387,985,714,836,656,130
122,8/18/2019,2,186,139,678,348,847,995,315,520
123,7/6/2020,3,11,213,626,124,412,876,571,258
124,2/11/2020,1,331,526,480,694,44,175,416,641
125,4/17/2019,3,556,526,580,68,616,182,917,103
126,10/10/2019,2,953,66,956,159,158,314,857,351
127,5/2/2019,1,93,653,968,966,773,820,944,662
128,9/29/2019,2,888,426,507,50,586,401,37,269
129,4/16/2019,3,854,290,476,150,780,34,99,243
130,2/2/2020,3,567,244,1000,659,900,32,308,70
131,6/15/2019,2,857,626,399,947,558,92,685,335
132,3/20/2019,2,729,854,620,102,471,678,63,24
133,8/1/2019,3,991,540,708,410,799,872,543,210
134,1/15/2019,2,576,780,849,85,326,36,522,852
135,2/26/2020,3,898,577,589,187,742,857,896,330
136,1/26/2020,2,494,19,787,88,609,949,731,805
137,7/14/2019,2,487,502,852,24,217,618,746,883
138,9/3/2019,2,485,358,53,164,449,877,198,871
139,2/4/2020,1,868,463,167,93,999,456,868,381
140,12/19/2019,2,591,990,623,430,89,257,497,532
141,3/15/2019,3,739,235,538,582,942,870,993,150
142,6/9/2019,3,196,543,382,448,904,821,373,166
143,1/29/2020,1,877,353,922,20,79,931,317,655
144,1/25/2020,3,999,869,881,311,569,916,926,44
145,10/5/2019,2,612,300,126,904,691,86,187,247
146,2/2/2020,3,977,679,604,635,702,742,588,199
147,7/10/2019,3,117,861,775,362,338,499,124,820
148,11/5/2019,2,958,724,333,274,558,348,446,636
149,7/15/2019,2,800,355,718,588,569,671,282,41
150,6/9/2020,3,31,880,53,286,948,534,596,754
151,7/10/2019,2,560,51,46,930,851,715,427,926
152,7/1/2019,2,431,513,556,905,48,143,736,997
153,10/17/2019,1,216,119,413,177,119,782,35,349
154,10/4/2019,1,30,767,454,920,103,178,541,626
155,3/18/2020,3,942,890,642,343,283,416,245,66
156,2/23/2019,3,77,527,445,69,809,578,607,671
157,12/10/2019,2,735,235,68,865,288,718,715,174
158,8/2/2019,1,936,247,79,273,898,670,612,233
159,7/3/2020,1,114,897,852,838,901,638,68,203
160,7/17/2020,3,881,545,799,683,562,225,775,750
161,8/28/2019,2,30,590,517,970,204,418,129,120
162,3/6/2020,1,923,951,219,558,640,102,548,272
163,11/3/2019,1,726,660,804,904,806,416,658,455
164,1/22/2020,3,480,658,35,304,709,627,609,606
165,6/14/2019,3,496,960,447,394,819,677,866,964
166,5/12/2020,2,242,116,687,559,274,808,272,802
167,2/5/2019,1,11,153,415,855,948,647,140,493
168,1/20/2019,2,69,600,733,134,390,280,343,618
169,2/17/2020,3,811,316,723,145,864,976,248,890
170,3/12/2019,3,871,127,441,440,669,829,747,151
171,12/31/2019,2,812,843,449,285,201,177,779,955
172,2/10/2020,2,925,479,689,985,508,998,773,240
173,1/28/2019,3,177,924,807,946,867,373,148,404
174,9/26/2019,2,205,955,761,857,434,610,428,16
175,3/23/2019,2,74,22,702,819,929,475,140,805
176,8/3/2019,1,149,437,159,38,4,834,464,331
177,6/8/2020,2,422,722,910,736,479,285,119,398
178,9/12/2019,2,82,603,382,327,204,927,662,13
179,1/7/2019,1,103,375,661,791,323,943,250,606
180,9/24/2019,3,458,576,566,799,502,526,456,153
181,2/11/2019,2,420,936,413,650,223,494,664,819
182,5/8/2019,2,562,713,700,86,918,134,191,80
183,1/20/2019,1,321,219,618,360,958,996,586,809
184,4/10/2020,3,734,222,960,345,483,894,17,942
185,3/2/2019,1,881,91,373,85,369,688,375,920
186,2/25/2020,1,809,419,567,993,406,243,347,274
187,10/17/2019,1,256,941,337,147,494,227,471,632
188,8/28/2019,2,717,616,103,689,986,398,902,967
189,2/11/2019,3,752,214,812,732,491,739,298,381
190,10/25/2019,3,687,482,352,788,628,742,683,534
191,12/20/2019,2,539,150,769,385,29,13,886,168
192,12/15/2019,2,841,492,877,393,378,65,968,964
193,8/11/2019,1,781,494,661,213,660,766,751,122
194,5/4/2020,1,544,329,119,814,373,114,885,175
195,2/3/2019,2,460,550,417,294,502,417,907,47
196,3/19/2019,1,192,142,761,536,977,977,371,908
197,5/28/2019,2,408,939,741,765,92,721,368,95
198,1/25/2020,1,635,9,187,691,984,433,256,310
199,10/9/2019,3,881,527,238,691,20,897,924,329
200,3/8/2019,3,983,275,802,557,255,283,91,158
201,6/4/2019,2,516,855,265,786,784,506,11,103
202,7/28/2019,2,0,880,908,747,252,317,768,260
203,4/26/2020,2,951,598,654,628,349,936,665,642
204,7/3/2020,3,65,963,279,211,88,171,345,686
205,3/22/2020,1,138,231,773,436,422,392,493,759
206,11/1/2019,3,345,237,300,939,299,19,979,312
207,4/16/2020,3,5,440,211,58,237,548,41,781
208,6/23/2020,3,519,630,380,92,513,713,779,379
209,7/11/2020,1,163,401,180,236,233,413,203,703
210,12/19/2019,1,525,883,360,156,929,534,977,189
211,2/26/2019,1,529,431,499,888,18,277,297,453
212,12/8/2019,3,230,46,632,134,7,758,438,354
213,2/26/2019,2,529,799,3,235,641,62,650,605
214,2/28/2019,3,511,782,341,965,916,506,258,682
215,5/29/2020,3,836,363,241,384,207,221,1,607
216,6/30/2019,1,355,627,689,307,504,840,943,522
217,2/12/2020,2,52,986,547,904,472,672,249,248
218,2/3/2019,3,186,315,563,884,463,365,378,202
219,3/10/2020,3,464,61,6,775,450,842,419,230
220,4/23/2019,3,727,34,924,27,337,329,62,8
221,6/7/2020,1,696,948,334,870,85,912,867,788
222,9/10/2019,2,518,315,682,584,209,461,911,602
223,2/14/2020,2,895,391,411,91,151,674,425,204
224,5/4/2020,3,651,295,732,398,194,9,922,998
225,3/20/2019,1,839,657,600,746,556,395,34,567
226,2/15/2020,2,899,942,978,639,340,34,611,643
227,5/30/2020,2,296,661,557,281,42,965,373,680
228,7/20/2019,3,411,645,159,153,206,939,773,242
229,5/30/2020,2,186,195,495,174,390,305,772,384
230,3/16/2019,3,44,83,665,676,558,902,666,815
231,9/30/2019,1,844,497,393,351,88,919,646,237
232,5/20/2020,3,913,806,36,641,432,681,691,658
233,5/8/2020,1,945,306,784,696,185,613,329,546
234,9/29/2019,2,41,542,363,491,343,771,371,147
235,6/10/2019,1,884,349,652,277,927,715,739,254
236,7/20/2020,2,56,597,403,974,991,999,189,862
237,7/7/2019,2,35,237,282,689,307,715,247,933
238,5/2/2019,2,98,685,784,462,43,617,803,852
239,6/27/2020,1,593,498,503,374,513,908,542,717
240,1/10/2020,1,319,580,715,778,607,603,299,307
241,7/15/2019,1,501,289,17,465,150,606,192,781
242,4/13/2020,3,187,4,176,423,736,850,12,3
243,6/15/2019,3,689,971,809,434,21,625,952,699
244,1/12/2019,2,425,768,212,221,817,888,472,320
245,12/31/2019,3,732,525,191,74,479,14,218,578
246,5/11/2020,2,921,563,634,129,690,201,892,408
247,6/6/2019,3,493,585,9,874,831,760,399,720
248,6/14/2019,3,553,258,434,877,939,947,262,474
249,4/3/2019,2,27,284,565,774,486,922,619,73
250,10/31/2019,2,636,586,12,707,48,21,818,859
251,4/29/2019,2,891,125,95,102,464,890,292,244
252,7/31/2019,1,292,613,354,166,830,482,828,51
253,4/26/2019,3,660,908,258,676,272,383,968,110
254,1/22/2020,3,383,872,200,778,108,263,813,812
255,4/28/2019,2,583,944,938,267,346,659,737,675
256,4/1/2019,1,359,943,5,752,815,709,493,275
257,5/11/2019,3,964,869,288,153,665,660,140,530
258,8/5/2019,1,457,72,101,648,752,950,431,20
259,5/21/2020,2,176,899,587,337,546,152,187,387
260,2/23/2019,2,618,40,697,561,528,964,991,547
261,1/30/2020,2,289,72,217,709,118,469,571,320
262,12/15/2019,3,672,493,100,885,174,518,976,237
263,4/24/2020,3,401,853,632,903,991,89,627,301
264,2/24/2019,3,706,604,639,487,837,239,651,139
265,2/8/2019,3,204,776,983,122,962,34,157,150
266,12/31/2019,1,991,976,720,722,956,101,578,425
267,4/12/2020,2,582,277,94,953,751,603,679,377
268,9/27/2019,2,259,492,747,471,745,675,698,944
269,7/1/2019,2,968,68,656,146,200,218,535,555
270,5/10/2020,1,714,909,156,950,560,886,356,568
271,7/1/2020,3,687,76,863,721,403,748,345,669
272,6/12/2020,2,463,877,476,168,48,934,542,815
273,6/14/2020,1,73,680,901,809,834,88,592,884
274,10/15/2019,2,302,913,235,680,221,710,925,702
275,2/19/2019,1,80,844,267,681,111,72,852,547
276,7/17/2020,1,231,889,235,896,393,344,759,76
277,12/26/2019,3,463,844,288,795,415,172,888,847
278,12/23/2019,1,882,278,114,73,962,182,934,358
279,5/10/2020,3,112,368,476,937,102,810,879,750
280,8/8/2019,1,277,446,351,83,315,337,121,96
281,2/12/2020,3,526,290,843,963,47,380,497,588
282,2/25/2020,3,947,560,918,931,849,851,13,326
283,1/22/2019,1,254,883,908,86,60,78,313,211
284,6/24/2020,2,858,74,659,790,489,143,455,176
285,6/14/2020,3,777,917,376,947,439,503,986,952
286,1/19/2020,1,119,640,898,414,484,134,149,232
287,8/3/2019,2,725,156,977,867,288,901,265,238
288,5/25/2020,3,761,936,463,261,310,906,415,40
289,1/30/2019,1,105,206,47,539,741,935,780,392
290,12/9/2019,1,376,739,358,894,350,100,386,394
291,3/31/2019,2,905,919,816,841,993,176,268,447
292,3/24/2020,3,174,973,970,908,28,601,529,449
293,6/25/2019,1,489,858,319,4,260,547,570,843
294,6/22/2019,3,519,280,37,52,613,236,929,259
295,11/13/2019,1,770,662,995,788,576,790,913,861
296,6/28/2020,1,13,834,429,241,80,725,426,39
297,11/9/2019,1,442,673,753,159,810,439,765,117
298,7/11/2020,1,275,588,331,799,888,100,15,985
299,4/14/2019,1,258,36,213,780,351,726,711,762
300,12/30/2019,2,464,971,260,640,829,283,369,894
301,9/11/2019,1,120,653,201,371,423,973,193,957
302,5/19/2020,1,149,42,930,678,849,618,639,933
303,9/6/2019,1,514,242,934,315,964,390,138,681
304,12/22/2019,1,111,963,710,14,596,21,175,655
305,2/14/2020,3,833,898,425,710,400,502,838,407
306,1/26/2020,1,319,142,233,965,419,412,200,500
307,2/15/2020,3,361,194,852,927,437,915,791,375
308,3/31/2019,1,104,512,599,640,658,382,826,392
309,5/28/2020,3,808,10,151,194,672,587,974,582
310,9/7/2019,2,947,644,266,45,889,934,589,257
311,11/28/2019,1,922,199,64,810,177,176,372,222
312,4/18/2020,2,856,40,83,264,910,325,321,438
313,11/29/2019,1,36,440,880,697,191,212,122,453
314,4/11/2020,2,295,288,884,819,521,573,398,931
315,7/18/2020,1,825,762,720,968,5,657,494,545
316,4/18/2019,2,268,503,990,21,865,171,556,196
317,2/19/2019,2,594,428,808,230,243,665,510,709
318,8/31/2019,1,92,764,284,433,156,280,807,38
319,9/7/2019,1,844,170,771,787,713,36,559,976
320,1/4/2019,1,468,777,367,743,911,669,442,334
321,3/7/2019,2,510,898,831,876,853,991,827,341
322,6/15/2019,3,995,103,806,104,418,249,259,176
323,4/20/2019,3,161,229,867,892,292,226,587,445
324,4/28/2019,2,17,328,20,624,206,65,754,965
325,10/28/2019,3,278,738,964,231,133,297,442,681
326,11/29/2019,2,178,0,883,408,709,503,4,175
327,1/30/2020,1,330,962,254,90,233,631,914,338
328,6/11/2019,1,347,854,87,637,338,535,475,98
329,5/26/2020,1,697,389,419,799,552,638,893,727
330,2/8/2019,3,130,93,214,536,100,946,752,695
331,5/8/2020,2,706,627,151,389,807,629,627,39
332,4/9/2020,3,172,737,691,27,105,882,970,712
333,3/12/2019,1,234,718,847,802,102,686,497,335
334,1/4/2019,3,759,278,965,793,781,625,150,743
335,1/7/2019,1,419,915,580,225,87,961,703,343
336,11/18/2019,2,321,993,216,678,514,102,654,950
337,6/26/2019,2,147,59,544,426,699,231,434,93
338,9/9/2019,3,511,187,233,468,951,80,650,823
339,11/16/2019,3,191,606,279,593,842,270,600,506
340,4/17/2020,3,88,930,686,516,620,188,133,466
341,6/14/2019,3,662,667,779,700,237,394,908,927
342,3/29/2019,2,985,270,183,417,436,4,127,43
343,1/7/2019,3,48,967,481,626,334,72,869,686
344,12/10/2019,1,90,154,885,320,433,849,324,284
345,3/27/2019,3,202,957,694,266,742,668,938,285
346,10/5/2019,1,564,612,136,28,469,239,155,772
347,2/1/2019,1,35,448,297,611,149,744,763,447
348,5/11/2020,3,549,589,46,81,796,183,153,686
349,1/15/2019,1,843,903,571,837,102,387,920,458
350,6/1/2019,3,390,641,402,442,439,285,222,894
351,7/30/2019,2,237,963,254,712,876,461,428,788
352,11/19/2019,3,408,822,662,64,449,54,63,603
353,3/28/2019,1,244,244,461,626,948,253,645,71
354,4/17/2020,3,871,19,477,417,641,547,160,210
355,10/16/2019,1,984,201,749,741,187,423,584,258
356,2/23/2019,2,406,719,999,99,720,158,967,325
357,6/5/2020,2,733,384,290,80,398,229,190,502
358,4/7/2020,2,466,395,838,22,497,715,171,333
359,3/2/2019,2,252,862,649,827,446,633,391,310
360,4/23/2019,1,239,595,385,732,533,998,845,504
361,2/11/2019,3,742,219,367,777,16,899,474,190
362,10/1/2019,1,183,659,326,676,702,932,386,452
363,4/5/2019,1,508,767,985,178,12,436,248,828
364,2/6/2019,3,85,923,181,629,88,378,537,85
365,7/3/2020,2,445,228,492,719,721,836,597,445
366,11/30/2019,1,804,542,166,837,710,383,156,982
367,2/9/2020,1,404,91,672,787,541,610,801,165
368,9/8/2019,1,337,842,703,955,58,971,535,638
369,5/11/2020,2,443,78,568,19,441,962,874,31
370,4/12/2020,3,71,742,804,583,408,40,902,749
371,10/8/2019,3,883,12,751,270,815,379,953,650
372,9/27/2019,2,588,943,475,808,814,50,446,60
373,4/17/2019,2,410,873,868,335,160,399,591,157
374,6/9/2019,2,379,322,25,584,671,716,246,550
375,7/1/2020,1,407,585,984,823,67,353,590,432
376,11/17/2019,1,111,608,502,810,969,737,886,585
377,6/29/2020,1,0,388,954,895,810,125,752,499
378,2/8/2020,3,802,572,617,544,226,537,128,305
379,7/29/2019,3,972,945,894,113,294,908,219,971
380,5/15/2020,3,280,393,329,248,367,718,943,984
381,10/17/2019,3,215,47,307,351,544,7,193,999
382,1/31/2019,1,568,160,274,264,824,709,626,975
383,5/24/2020,2,485,20,684,390,587,277,980,695
384,10/27/2019,3,856,276,838,571,742,794,516,715
385,6/2/2019,3,445,650,362,352,686,91,471,164
386,12/23/2019,2,938,787,722,697,868,203,215,260
387,5/1/2020,3,921,197,428,315,384,555,187,476
388,6/6/2020,3,423,422,612,494,597,378,682,654
389,8/9/2019,1,85,937,816,99,492,881,525,752
390,3/5/2019,1,993,113,192,875,129,971,718,200
391,5/18/2020,2,312,7,165,277,7,172,605,293
392,3/9/2019,1,911,377,805,37,810,491,568,663
393,2/9/2020,3,33,376,462,353,477,428,473,234
394,7/22/2019,2,31,18,961,90,615,336,515,996
395,6/11/2019,2,354,942,522,775,874,85,839,697
396,6/3/2020,2,979,505,995,709,105,379,329,718
397,3/28/2019,2,933,441,272,288,499,476,159,292
398,2/8/2019,1,669,86,873,298,866,809,901,891
399,5/7/2019,3,344,784,265,58,649,87,724,452
400,4/25/2019,1,993,927,843,218,837,459,397,825
401,4/27/2019,2,693,304,529,52,628,418,26,915
402,1/26/2020,2,854,649,762,357,840,910,379,108
403,4/21/2020,3,981,959,773,267,505,306,105,12
404,2/13/2020,1,270,723,835,588,337,161,626,610
405,7/17/2019,1,757,811,103,29,465,44,65,356
406,8/22/2019,1,966,903,554,332,691,981,460,877
407,2/10/2020,3,636,487,915,75,731,683,374,982
408,1/18/2019,2,181,250,616,558,306,589,164,109
409,1/5/2019,1,146,3,153,287,199,765,350,767
410,5/19/2019,2,143,720,107,604,126,858,350,166
411,5/3/2020,1,544,972,157,64,352,286,401,144
412,7/14/2020,3,263,289,67,819,582,664,34,554
413,5/21/2020,2,879,493,934,847,691,639,184,604
414,5/5/2020,2,205,62,234,421,143,652,427,547
415,1/29/2019,3,360,831,762,964,37,184,558,834
416,4/17/2020,1,30,858,821,63,807,766,69,575
417,2/18/2020,3,779,619,627,555,307,543,449,629
418,7/7/2019,1,995,377,926,472,535,722,176,95
419,6/28/2020,1,763,877,598,244,951,856,440,157
420,8/19/2019,3,978,993,864,785,212,357,224,417
421,10/22/2019,2,18,33,565,243,983,795,474,760
422,3/27/2019,3,92,832,980,123,379,839,0,970
423,5/11/2020,1,719,191,853,717,678,351,311,389
424,2/26/2020,2,787,741,520,481,759,11,200,952
425,4/22/2019,1,430,33,22,263,730,285,815,247
426,8/27/2019,1,671,908,640,105,906,235,877,639
427,4/13/2019,3,730,397,967,483,340,710,281,918
428,4/30/2019,3,490,224,53,159,388,357,305,197
429,11/3/2019,1,309,132,436,512,141,312,388,101
430,10/26/2019,3,584,101,414,654,502,847,317,79
431,5/12/2020,3,660,610,533,356,145,806,516,714
432,1/13/2020,2,979,236,652,95,659,934,438,487
433,7/9/2020,2,763,69,591,519,16,555,194,869
434,9/2/2019,1,152,613,932,199,538,393,624,79
435,2/14/2019,2,408,321,5,800,350,57,769,341
436,1/12/2020,1,658,370,382,740,695,521,246,772
437,8/11/2019,3,166,401,794,128,75,592,791,597
438,3/8/2020,1,358,396,177,86,641,852,77,703
439,4/25/2020,2,106,219,280,378,554,727,172,649
440,2/25/2020,1,833,746,245,664,532,574,79,576
441,2/25/2019,2,478,810,408,346,737,256,199,316
442,4/1/2020,1,925,931,516,949,476,501,321,505
443,3/20/2019,3,873,969,407,827,292,575,556,857
444,9/4/2019,1,86,952,920,930,123,777,557,341
445,6/28/2020,3,130,619,937,644,143,188,737,626
446,8/22/2019,2,644,213,700,136,107,984,680,620
447,4/19/2020,1,554,326,92,661,138,520,21,62
448,8/13/2019,1,816,783,601,722,894,957,358,909
449,10/25/2019,3,24,135,251,946,337,556,118,28
450,3/6/2020,1,400,327,373,402,657,736,570,533
451,1/27/2020,1,466,844,913,914,391,759,0,745
452,9/29/2019,3,133,406,336,147,255,560,943,330
453,10/24/2019,3,191,53,524,82,742,271,152,202
454,9/18/2019,2,603,610,388,966,960,621,425,503
455,11/27/2019,2,203,655,191,605,221,121,39,372
456,8/14/2019,3,217,954,809,221,217,921,247,51
457,7/15/2019,2,615,511,141,305,663,228,934,62
458,7/16/2019,1,174,93,549,378,34,957,229,52
459,2/8/2020,1,799,731,225,751,537,447,194,975
460,1/11/2019,2,807,100,817,645,788,878,533,519
461,10/11/2019,1,808,516,241,938,758,872,799,429
462,3/14/2019,1,689,766,345,324,327,329,738,233
463,1/2/2020,1,385,702,456,132,32,391,621,505
464,2/14/2019,3,261,727,338,247,169,889,884,419
465,5/8/2019,1,552,547,512,299,535,666,330,975
466,11/1/2019,1,572,2,432,523,278,726,936,105
467,3/23/2020,3,655,724,732,201,237,484,593,65
468,6/26/2020,3,335,298,448,489,253,702,856,420
469,3/13/2019,2,752,251,616,562,19,582,815,798
470,8/18/2019,2,637,976,611,331,752,504,312,660
471,6/9/2020,3,341,168,883,330,886,281,560,18
472,1/12/2020,1,985,660,469,925,847,826,940,624
473,5/10/2019,3,768,3,263,949,29,963,747,172
474,3/27/2019,2,911,672,830,749,895,758,764,499
475,4/12/2020,1,938,441,212,851,589,26,974,567
476,4/14/2019,1,740,549,599,510,754,709,765,987
477,9/1/2019,3,571,898,619,656,784,683,223,779
478,5/28/2019,1,27,215,241,242,836,20,768,331
479,8/31/2019,1,623,853,565,586,119,987,817,750
480,6/16/2019,1,108,248,122,742,576,152,639,642
481,7/6/2019,3,81,25,997,406,688,456,604,589
482,6/18/2020,3,816,74,253,429,614,530,54,623
483,7/18/2020,3,244,863,527,570,614,365,900,86
484,2/23/2019,1,111,191,31,371,676,756,697,980
485,6/16/2020,1,731,355,865,743,865,486,743,965
486,7/10/2020,1,402,715,74,294,672,76,370,693
487,2/7/2019,2,272,535,945,559,96,512,624,3
488,2/21/2020,3,706,502,604,819,201,525,407,335
489,5/5/2020,2,15,805,961,152,294,543,837,472
490,3/19/2019,1,290,786,708,818,124,895,394,622
491,4/17/2019,1,477,404,226,487,620,14,836,279
492,5/16/2019,3,528,376,241,407,600,532,657,275
493,4/15/2019,1,545,779,42,342,799,113,489,638
494,4/24/2019,2,841,47,913,164,190,734,914,599
495,6/16/2020,2,644,761,295,251,594,839,649,213
496,4/8/2020,2,558,240,389,890,996,91,206,533
497,2/4/2020,3,806,408,831,207,148,224,991,87
498,12/22/2019,3,320,741,857,980,155,313,332,815
499,4/9/2020,1,392,240,494,810,147,220,975,193
500,3/31/2020,1,780,596,181,689,180,657,571,90
501,2/14/2020,2,977,683,17,22,761,543,77,259
502,8/11/2019,1,835,169,194,183,108,533,8,259
503,10/23/2019,2,736,940,623,849,859,45,388,914
504,5/22/2020,1,395,253,875,762,470,18,633,489
505,7/16/2019,2,480,3,881,916,593,73,352,688
506,4/17/2020,3,819,748,634,71,620,242,596,361
507,7/19/2019,1,651,642,494,345,217,178,127,644
508,6/28/2019,1,686,635,686,649,299,89,174,648
509,6/1/2019,1,718,372,827,660,349,86,578,976
510,1/12/2020,2,280,959,167,369,695,79,111,802
511,1/31/2019,1,838,808,499,128,44,599,835,499
512,6/14/2020,3,357,153,285,8,75,892,523,965
513,1/18/2019,1,24,684,270,744,747,184,592,116
514,7/22/2020,1,87,145,478,214,10,914,72,420
515,6/24/2020,1,747,547,299,254,123,296,229,548
516,10/2/2019,3,460,37,707,739,394,680,657,625
517,1/15/2020,1,204,765,432,13,16,649,591,842
518,6/16/2019,2,176,234,423,931,888,618,272,686
519,1/8/2019,1,295,973,547,724,104,591,845,731
520,6/26/2020,1,7,126,496,399,212,384,659,553
521,3/29/2020,2,474,179,231,682,897,493,127,892
522,5/7/2019,3,439,233,859,430,231,287,817,48
523,8/1/2019,1,300,981,57,169,836,702,555,878
524,8/4/2019,1,314,53,843,653,226,461,424,162
525,2/7/2019,2,551,605,570,739,544,972,874,331
526,12/29/2019,2,379,620,212,999,523,370,659,676
527,6/27/2019,3,992,881,275,986,473,403,408,997
528,9/14/2019,2,13,543,918,885,408,336,829,850
529,10/8/2019,3,983,314,475,467,249,754,847,262
530,2/19/2019,3,241,83,446,239,841,229,645,69
531,11/15/2019,2,17,139,322,29,332,938,344,513
532,9/12/2019,3,437,196,847,677,332,252,417,502
533,11/20/2019,2,201,693,539,136,381,874,606,232
534,1/21/2019,3,531,93,204,540,419,736,968,453
535,4/2/2020,1,947,795,798,69,68,221,322,751
536,12/24/2019,1,690,277,348,491,388,671,854,356
537,3/29/2019,3,576,639,211,549,603,787,934,172
538,3/29/2019,2,156,359,171,2,842,78,978,418
539,8/9/2019,1,713,871,206,232,704,246,845,603
540,1/3/2020,3,417,112,554,499,463,684,724,988
541,4/11/2019,1,394,995,476,598,732,856,153,952
542,7/15/2019,1,963,549,179,472,224,661,86,168
543,6/10/2019,3,396,158,132,779,978,859,479,922
544,9/9/2019,1,495,98,44,412,943,117,384,935
545,6/8/2019,2,871,226,61,456,460,543,880,311
546,1/8/2019,3,813,844,26,196,772,887,539,995
547,5/4/2019,3,800,121,241,335,524,619,710,517
548,7/22/2020,3,113,30,162,775,127,421,576,213
549,9/30/2019,2,650,492,1000,356,902,591,369,865
550,5/15/2020,2,221,127,332,175,66,877,536,493
551,10/13/2019,2,569,780,881,474,741,510,676,489
552,4/12/2020,2,446,592,738,87,948,804,859,286
553,7/29/2019,2,802,901,553,819,795,847,737,828
554,7/3/2020,1,300,828,947,232,533,860,375,781
555,6/24/2019,2,135,671,965,321,611,280,675,476
556,4/4/2020,1,535,852,214,742,886,965,555,77
557,2/14/2020,1,208,506,90,103,540,242,141,847
558,9/3/2019,1,496,838,746,998,572,480,32,601
559,11/9/2019,2,203,81,502,127,524,875,353,990
560,2/1/2019,3,578,738,214,584,992,303,868,796
561,1/12/2019,2,284,522,976,236,446,582,57,588
562,5/21/2020,2,470,225,124,818,261,170,52,184
563,5/28/2019,3,342,547,970,108,116,482,633,844
564,2/5/2019,3,945,504,774,212,633,142,570,105
565,7/17/2020,1,111,941,867,917,552,566,501,132
566,9/15/2019,3,379,361,253,611,318,283,980,197
567,6/28/2019,3,421,647,665,687,545,156,604,329
568,1/9/2020,2,102,667,412,484,5,247,428,803
569,7/27/2019,1,593,327,558,376,98,255,178,588
570,1/3/2020,2,621,945,982,116,913,491,11,70
571,6/10/2020,2,616,28,298,389,186,416,590,131
572,12/26/2019,1,791,391,488,605,714,492,952,895
573,12/10/2019,3,509,764,101,496,566,446,387,932
574,4/26/2019,1,311,730,981,730,893,830,275,12
575,5/10/2019,3,587,956,527,678,83,45,607,144
576,1/15/2019,1,480,436,801,910,20,756,128,664
577,12/15/2019,1,474,140,164,960,637,533,763,484
578,12/23/2019,2,399,612,901,866,927,374,432,861
579,4/15/2019,1,688,913,697,371,416,51,162,177
580,12/19/2019,1,677,573,507,534,355,612,876,406
581,1/17/2020,3,344,497,572,50,537,325,234,947
582,9/1/2019,2,794,493,557,66,83,654,20,113
583,12/18/2019,3,269,972,794,255,697,258,168,397
584,8/27/2019,2,845,780,81,516,648,500,652,611
585,5/30/2019,2,349,107,531,231,867,816,625,923
586,1/10/2020,2,925,413,890,352,583,325,816,876
587,5/25/2020,2,469,688,137,619,498,665,711,746
588,4/20/2020,1,272,6,149,613,978,918,822,154
589,7/18/2020,3,167,831,635,986,284,936,838,692
590,1/4/2020,3,585,566,50,227,873,498,657,11
591,1/17/2019,3,62,612,995,104,372,565,927,457
592,9/3/2019,1,323,980,547,328,982,243,399,607
593,4/26/2019,1,385,957,290,152,318,47,423,485
594,1/19/2020,1,987,621,75,869,148,780,761,623
595,7/19/2019,1,305,595,657,190,695,650,796,643
596,2/15/2019,1,439,70,854,852,870,303,941,345
597,1/11/2020,2,506,337,634,951,898,651,790,862
598,10/30/2019,2,207,934,686,971,763,109,788,462
599,7/16/2019,1,141,492,271,973,369,931,22,510
600,7/2/2020,1,833,42,3,321,49,783,648,55
601,10/10/2019,1,963,702,784,486,455,427,360,271
602,4/25/2020,2,421,743,430,28,897,280,250,144
603,1/8/2019,1,7,571,508,509,175,74,764,4
604,7/21/2019,1,631,581,827,304,70,307,598,254
605,10/19/2019,2,500,858,957,498,534,883,312,607
606,3/1/2020,2,937,656,34,574,889,6,12,920
607,2/6/2020,1,740,227,4,218,855,711,264,870
608,10/16/2019,1,534,836,644,107,491,787,660,521
609,10/20/2019,1,584,677,843,821,575,679,211,802
610,4/9/2020,2,449,752,129,884,705,181,478,128
611,3/5/2020,2,173,686,181,347,451,690,183,682
612,11/20/2019,1,198,720,523,509,214,199,492,37
613,9/15/2019,1,299,324,909,95,543,113,726,79
614,4/25/2019,3,578,338,913,311,443,281,132,277
615,9/10/2019,2,792,745,803,583,955,512,407,853
616,10/19/2019,1,395,812,65,188,172,104,862,893
617,6/28/2019,2,789,829,98,144,988,953,977,794
618,9/22/2019,3,840,301,98,584,313,718,463,957
619,2/21/2019,2,562,446,230,799,128,278,111,452
620,2/27/2020,3,10,505,393,67,202,34,73,182
621,2/14/2020,1,417,733,953,963,874,369,380,307
622,5/22/2020,1,513,913,817,715,397,180,623,453
623,4/4/2019,1,391,983,137,336,943,825,372,623
624,2/10/2019,1,176,108,404,154,801,193,35,993
625,7/19/2020,2,566,250,790,135,57,312,625,512
626,10/8/2019,1,809,573,365,317,579,599,118,466
627,4/21/2019,1,305,776,822,274,696,201,158,115
628,9/24/2019,1,349,906,355,14,538,714,70,857
629,12/4/2019,2,673,291,695,915,151,58,307,188
630,11/19/2019,3,181,175,225,225,765,527,864,149
631,7/27/2019,2,548,290,230,447,424,152,803,459
632,7/3/2019,1,877,183,820,694,234,676,117,922
633,1/21/2020,3,947,821,172,460,941,822,885,69
634,9/30/2019,1,540,514,678,297,919,379,138,590
635,5/16/2020,2,784,30,984,938,249,59,773,487
636,11/21/2019,3,13,286,446,112,954,230,258,594
637,1/5/2019,2,920,770,876,34,765,381,994,934
638,11/8/2019,2,503,221,827,996,811,412,136,94
639,1/9/2020,3,381,596,881,474,351,128,513,777
640,5/6/2020,3,694,190,193,258,522,903,264,757
641,6/28/2020,2,386,329,306,694,876,130,150,394
642,9/23/2019,3,44,825,13,710,350,38,347,919
643,6/29/2019,3,805,193,883,304,381,436,344,638
644,6/4/2019,3,40,721,940,272,294,149,485,323
645,4/12/2020,2,834,934,840,877,262,231,880,287
646,3/11/2020,3,332,712,303,945,776,194,987,97
647,7/6/2019,1,563,839,889,610,667,650,89,122
648,9/25/2019,2,209,117,791,953,424,8,713,259
649,2/21/2020,2,254,992,309,838,298,785,903,881
650,4/23/2019,3,866,543,864,873,91,85,910,604
651,3/1/2020,3,454,617,56,957,148,15,570,690
652,8/24/2019,2,716,220,183,41,253,395,969,935
653,7/8/2020,3,209,504,700,805,169,68,717,238
654,1/31/2019,3,790,638,377,597,872,448,268,779
655,12/29/2019,2,965,119,736,19,992,977,441,424
656,5/2/2020,1,377,662,229,431,1000,161,394,514
657,5/25/2019,3,504,508,678,610,448,744,639,118
658,5/13/2020,2,676,297,394,223,242,245,29,186
659,4/8/2020,3,895,890,291,249,449,89,991,279
660,9/29/2019,3,679,764,38,223,658,291,508,574
661,2/11/2020,2,151,73,529,313,366,629,550,28
662,1/23/2020,3,17,930,495,248,765,293,574,387
663,3/17/2020,1,392,646,376,519,274,21,417,676
664,12/21/2019,1,298,737,301,154,640,487,775,505
665,2/7/2020,1,605,12,3,196,619,331,234,370
666,5/10/2020,1,786,400,79,305,326,20,697,809
667,2/28/2019,2,753,337,419,134,309,290,531,846
668,4/20/2020,3,546,463,520,827,237,278,365,547
669,6/18/2020,1,422,429,44,753,412,527,536,39
670,6/10/2019,1,151,296,651,871,319,615,587,15
671,2/22/2019,2,411,673,395,677,728,592,252,863
672,3/21/2020,1,745,664,834,124,778,664,113,179
673,12/5/2019,1,836,522,151,465,395,238,548,613
674,11/8/2019,2,695,908,339,124,640,659,746,834
675,5/26/2019,3,757,345,728,65,903,524,714,524
676,11/8/2019,3,492,493,333,320,978,817,114,665
677,6/15/2020,2,633,283,19,138,344,904,933,578
678,4/21/2020,1,954,129,968,331,798,993,466,991
679,4/11/2019,2,586,952,649,833,860,99,152,580
680,8/15/2019,1,146,440,408,555,384,270,503,51
681,10/14/2019,1,943,769,650,744,670,542,527,271
682,2/18/2019,2,631,399,83,583,340,936,315,192
683,2/26/2020,3,452,534,15,790,650,597,71,302
684,9/16/2019,1,166,543,832,384,715,768,313,82
685,3/4/2020,2,53,183,253,605,627,637,703,785
686,6/14/2020,1,806,350,188,496,617,166,456,450
687,3/15/2020,1,649,306,239,568,830,574,151,851
688,4/9/2019,3,517,41,538,395,119,276,950,155
689,3/27/2020,2,42,103,32,17,798,659,519,821
690,6/6/2020,1,48,90,718,674,747,846,36,57
691,8/4/2019,1,741,654,413,6,482,632,42,503
692,3/3/2019,3,173,484,716,391,621,388,671,121
693,10/2/2019,2,493,795,858,18,423,294,576,136
694,6/1/2019,3,523,203,117,127,452,27,607,870
695,11/21/2019,1,786,131,392,742,414,961,753,903
696,5/18/2019,3,498,702,754,417,170,244,867,119
697,11/29/2019,2,219,9,943,624,208,189,951,78
698,9/21/2019,3,97,29,429,905,239,69,594,738
699,1/17/2019,1,258,780,67,27,954,975,470,695
700,2/4/2019,3,766,593,145,717,786,121,846,102
701,5/20/2019,3,267,812,152,831,704,620,724,674
702,10/30/2019,3,272,981,830,183,769,601,787,67
703,1/19/2019,3,925,635,199,118,489,701,716,567
704,10/7/2019,2,59,965,234,257,905,961,214,334
705,6/15/2019,2,805,831,383,686,349,970,557,794
706,5/17/2020,3,374,175,666,144,118,152,272,856
707,7/6/2020,2,512,86,950,49,928,987,496,477
708,2/12/2019,2,188,466,119,730,977,110,963,767
709,5/3/2019,1,828,342,481,909,582,177,903,817
710,2/25/2019,3,355,860,115,245,808,273,840,481
711,5/12/2019,3,976,18,252,247,606,700,537,327
712,4/14/2019,2,127,85,571,781,246,319,89,45
713,1/29/2019,1,948,164,189,809,646,497,278,117
714,4/5/2020,1,80,350,73,876,477,643,9,775
715,9/2/2019,1,917,877,457,229,802,826,713,442
716,2/22/2019,2,142,728,896,770,704,875,513,919
717,2/20/2019,2,124,454,875,927,325,755,973,701
718,1/9/2019,2,411,593,531,473,427,677,31,770
719,4/4/2020,3,796,413,973,885,864,737,501,749
720,6/21/2020,2,221,359,355,780,529,283,506,450
721,11/14/2019,3,228,169,88,884,0,364,688,549
722,4/16/2019,3,871,795,841,994,208,762,871,992
723,5/17/2019,2,713,289,650,928,496,682,680,575
724,8/21/2019,2,118,925,821,291,965,346,680,731
725,8/23/2019,3,565,972,479,746,602,811,826,609
726,1/8/2020,2,475,24,952,614,744,937,608,502
727,12/4/2019,2,789,663,566,391,43,912,740,729
728,6/10/2020,1,901,6,680,774,564,665,612,449
729,4/4/2020,2,136,89,782,860,808,880,971,823
730,7/21/2020,1,744,502,719,810,450,238,565,588
731,1/21/2019,3,498,753,677,48,575,410,976,101
732,8/1/2019,1,248,197,206,616,789,50,544,331
733,1/15/2020,1,137,197,199,931,561,176,530,168
734,1/31/2019,3,201,881,256,443,351,925,974,429
735,5/16/2019,3,912,119,351,15,832,531,420,198
736,11/2/2019,1,394,536,272,268,778,753,700,69
737,4/26/2020,2,406,337,21,853,25,369,728,166
738,2/22/2019,1,533,243,487,784,64,636,724,354
739,10/4/2019,2,566,622,551,769,756,101,571,684
740,6/22/2020,3,241,771,687,890,720,484,856,812
741,1/1/2019,3,633,731,254,405,742,616,593,175
742,3/11/2019,2,334,607,377,538,16,376,220,614
743,10/8/2019,2,615,724,834,384,915,65,798,41
744,10/5/2019,3,516,630,102,321,416,226,353,95
745,1/26/2020,2,400,475,729,761,843,259,314,531
746,11/4/2019,2,908,765,436,95,928,400,342,14
747,2/2/2019,2,772,362,533,458,941,256,250,406
748,2/16/2019,2,245,735,349,570,113,716,681,188
749,5/11/2019,3,542,270,692,745,86,595,33,311
750,2/27/2019,1,636,502,736,872,377,311,947,135
751,1/21/2020,3,579,657,765,712,247,558,1000,547
752,11/29/2019,2,789,987,119,420,78,56,375,501
753,11/28/2019,1,695,546,923,791,151,218,99,186
754,3/23/2020,3,754,673,134,306,484,391,784,135
755,7/11/2020,1,88,731,568,18,337,757,136,901
756,10/23/2019,2,131,931,545,364,351,462,939,337
757,4/3/2020,2,887,278,467,932,851,50,60,121
758,6/7/2020,3,580,74,848,270,706,265,736,787
759,5/8/2019,2,301,639,66,894,356,674,599,4
760,1/14/2019,1,202,665,546,214,406,978,109,199
761,4/24/2020,2,153,988,840,264,144,437,829,536
762,11/20/2019,2,449,994,935,675,807,934,466,672
763,2/3/2020,3,441,349,666,833,378,531,370,57
764,7/4/2020,3,893,331,183,954,70,547,907,948
765,10/13/2019,3,862,526,467,477,443,477,1000,241
766,2/1/2019,1,824,406,129,245,306,369,210,444
767,4/29/2020,2,927,398,941,561,919,477,979,311
768,3/23/2019,2,115,958,952,119,788,684,98,762
769,5/5/2019,2,675,8,960,729,575,648,118,747
770,9/2/2019,2,643,338,817,940,98,242,318,749
771,1/28/2020,3,181,384,258,162,625,523,852,662
772,7/9/2020,2,104,355,471,870,301,739,464,555
773,4/6/2020,2,152,493,58,384,612,61,314,635
774,5/18/2019,3,553,96,578,317,63,329,736,961
775,1/1/2020,2,447,282,735,603,431,880,775,73
776,4/20/2020,3,673,443,989,777,53,363,512,333
777,1/5/2019,2,849,178,553,382,149,694,318,213
778,5/28/2020,3,577,251,807,644,67,248,648,7
779,6/19/2020,3,699,708,89,707,557,426,705,117
780,7/31/2019,1,463,334,544,305,457,853,728,516
781,12/6/2019,3,427,378,967,816,962,451,192,769
782,3/2/2019,1,774,573,737,871,888,736,851,949
783,3/29/2020,2,374,255,862,445,539,761,266,376
784,1/10/2020,3,242,705,30,299,495,353,247,719
785,1/13/2019,2,769,429,753,32,172,720,967,63
786,5/28/2020,2,310,205,19,64,498,641,72,15
787,5/26/2020,3,619,697,329,311,87,627,648,45
788,2/29/2020,3,202,834,95,670,227,676,704,615
789,12/31/2019,1,975,138,456,87,619,687,825,824
790,4/25/2020,2,16,205,598,581,338,970,566,125
791,2/20/2019,1,133,992,935,77,178,241,728,902
792,11/10/2019,3,989,175,995,310,91,649,75,192
793,10/12/2019,3,240,354,328,847,839,817,235,428
794,2/25/2019,2,940,314,386,225,122,64,609,407
795,8/18/2019,3,783,416,805,456,404,389,347,528
796,12/20/2019,2,480,74,673,287,297,449,451,599
797,5/24/2019,2,694,26,208,993,478,729,598,259
798,2/13/2020,3,325,814,684,426,556,284,24,883
799,2/16/2019,2,384,765,34,504,107,544,27,437
800,9/13/2019,3,291,392,192,306,41,410,974,270
801,7/3/2020,2,966,703,149,246,502,126,277,310
802,11/20/2019,3,351,80,925,208,348,635,944,149
803,8/31/2019,3,936,654,706,259,384,577,612,758
804,6/30/2020,1,471,665,464,497,906,358,298,984
805,12/3/2019,1,203,880,659,289,181,720,402,274
806,5/13/2020,2,721,901,998,996,988,714,382,887
807,2/20/2019,3,827,100,793,946,759,350,819,146
808,5/28/2020,3,679,450,830,714,59,253,84,9
809,4/27/2019,3,461,98,631,515,757,165,449,187
810,10/17/2019,1,696,707,341,766,83,997,205,540
811,2/12/2019,2,770,731,788,776,907,130,30,544
812,6/20/2020,3,358,480,193,154,649,357,345,284
813,10/27/2019,3,282,405,536,566,276,389,510,610
814,6/4/2019,1,55,53,493,695,586,959,255,551
815,1/23/2019,1,604,818,960,906,907,679,921,854
816,5/31/2019,2,303,493,543,200,152,170,470,669
817,1/1/2019,1,106,219,308,376,816,929,357,783
818,12/29/2019,2,483,303,451,883,172,933,145,454
819,8/3/2019,1,691,654,20,515,568,395,564,57
820,1/10/2020,1,705,483,403,280,741,643,204,141
821,7/22/2019,1,772,271,993,925,17,916,529,646
822,1/30/2019,1,727,811,980,315,180,328,366,159
823,12/30/2019,2,967,524,840,174,952,726,193,142
824,11/27/2019,2,659,981,367,390,651,310,283,656
825,3/31/2020,1,697,94,228,202,971,743,514,392
826,2/15/2019,3,690,75,572,703,959,985,341,491
827,4/20/2019,1,395,684,944,335,701,139,333,771
828,3/7/2020,2,663,620,940,668,839,245,111,380
829,5/1/2019,3,521,224,410,175,151,572,98,270
830,5/27/2019,1,778,66,221,617,298,464,22,336
831,3/19/2019,2,187,855,701,809,512,854,753,139
832,4/11/2019,1,487,438,58,939,4,385,376,32
833,1/8/2019,2,993,80,679,664,995,804,846,176
834,4/17/2019,1,662,784,60,565,934,51,14,988
835,5/8/2020,2,592,786,74,484,370,910,826,701
836,4/20/2020,2,384,550,792,545,645,391,785,148
837,7/9/2019,1,771,857,575,596,723,547,715,278
838,9/19/2019,1,743,704,997,719,952,686,0,29
839,4/24/2019,1,159,616,532,157,48,861,589,999
840,7/6/2019,2,622,157,0,588,431,308,733,956
841,10/15/2019,1,887,162,699,31,887,797,454,158
842,2/9/2020,1,862,449,650,593,663,221,450,39
843,8/15/2019,1,8,266,191,593,805,895,169,80
844,2/5/2020,3,690,752,850,897,319,781,272,136
845,6/15/2019,2,891,780,313,932,222,191,984,150
846,11/24/2019,1,597,286,288,456,671,681,991,374
847,1/21/2019,1,850,783,465,711,37,463,31,27
848,1/14/2020,3,191,627,218,299,452,522,224,342
849,6/25/2020,3,88,626,75,973,623,763,262,405
850,3/27/2019,2,227,653,173,618,551,934,830,606
851,3/31/2020,2,347,415,320,809,456,439,508,228
852,2/3/2019,2,288,625,378,328,579,357,707,48
853,12/29/2019,3,505,672,990,520,130,642,235,944
854,5/29/2019,2,287,128,7,446,714,539,697,209
855,6/30/2020,2,972,522,851,878,28,510,807,609
856,4/21/2019,2,37,193,831,37,465,115,810,287
857,3/13/2019,1,979,566,386,182,692,725,52,29
858,2/21/2019,2,59,148,956,270,444,102,33,703
859,1/4/2019,1,698,252,985,869,313,571,775,915
860,2/23/2020,1,288,890,531,767,175,266,289,924
861,5/14/2020,1,773,91,891,671,396,158,592,566
862,1/5/2019,1,774,125,59,712,284,342,779,786
863,12/11/2019,1,48,64,921,21,742,534,283,390
864,8/27/2019,2,409,242,846,881,992,617,388,400
865,5/18/2020,3,172,824,691,446,578,840,83,609
866,8/3/2019,3,976,346,459,145,734,167,776,593
867,9/1/2019,1,173,486,733,399,78,439,715,280
868,7/4/2020,1,629,616,169,706,132,61,980,216
869,7/6/2020,2,442,490,330,562,399,471,145,913
870,1/4/2020,2,734,93,141,351,31,866,91,300
871,7/5/2019,2,691,958,683,592,639,574,346,689
872,5/16/2020,2,465,733,48,606,701,976,428,770
873,2/11/2020,3,614,468,906,339,313,645,851,34
874,3/7/2020,3,535,922,134,562,249,239,698,191
875,10/27/2019,1,601,603,87,865,369,192,829,418
876,1/22/2019,1,15,835,371,743,567,257,811,861
877,6/4/2019,3,771,947,872,191,125,716,621,654
878,2/17/2020,2,871,132,658,1000,600,427,958,369
879,6/19/2020,1,725,690,470,796,398,36,818,434
880,4/4/2019,3,744,862,638,474,430,170,860,834
881,1/24/2020,3,773,109,164,647,46,91,722,53
882,8/18/2019,2,589,935,452,382,935,78,316,150
883,5/8/2019,2,756,453,469,240,893,378,896,74
884,3/1/2020,1,540,146,564,85,450,567,592,412
885,2/4/2019,2,602,163,850,913,488,370,271,600
886,5/10/2020,3,72,641,47,293,875,45,40,782
887,10/15/2019,3,56,448,931,794,379,234,774,713
888,2/18/2020,2,76,993,430,966,372,134,95,934
889,7/28/2019,2,910,759,107,924,268,554,37,309
890,5/15/2019,1,963,80,40,562,251,136,972,40
891,9/13/2019,1,210,120,822,705,36,402,637,828
892,1/1/2019,2,597,43,816,4,696,490,590,425
893,11/1/2019,1,502,916,565,530,422,697,182,578
894,2/29/2020,2,819,716,156,683,234,140,670,283
895,7/25/2019,1,645,13,153,789,819,627,646,515
896,4/7/2020,2,498,812,803,156,331,109,85,399
897,11/26/2019,1,414,75,118,546,34,989,627,308
898,2/11/2020,2,901,721,196,18,508,494,478,77
899,4/26/2019,3,388,487,300,410,316,905,333,116
900,2/13/2020,2,19,11,684,439,652,245,798,7
901,8/5/2019,1,484,376,670,18,832,384,454,669
902,9/12/2019,3,619,950,527,486,226,389,690,306
903,4/10/2020,3,376,771,210,565,499,945,620,271
904,8/31/2019,1,977,588,933,536,671,642,434,880
905,1/26/2019,2,763,38,866,881,336,979,768,552
906,7/2/2020,3,512,279,168,616,36,695,442,983
907,2/8/2019,1,806,45,3,418,653,52,729,881
908,6/11/2019,2,372,647,719,444,768,732,22,440
909,4/27/2019,2,301,385,112,569,868,678,472,935
910,2/19/2019,3,411,154,715,713,545,256,236,980
911,1/14/2019,2,564,777,943,303,703,865,645,333
912,7/14/2019,3,237,505,994,339,246,510,958,41
913,3/13/2020,1,256,886,368,328,220,356,259,996
914,6/25/2019,3,958,697,496,468,123,935,786,905
915,1/30/2020,3,507,310,27,513,385,378,647,494
916,3/9/2020,1,797,72,165,814,3,302,539,566
917,4/7/2019,3,604,400,61,501,410,593,316,761
918,10/8/2019,1,288,546,464,746,512,504,7,596
919,2/17/2019,2,766,50,519,246,353,541,757,81
920,4/25/2019,1,239,906,710,207,111,157,860,304
921,3/22/2020,3,635,53,222,215,838,14,348,444
922,10/8/2019,1,557,385,944,802,796,318,838,210
923,2/27/2020,1,863,954,37,373,183,715,587,524
924,12/13/2019,3,815,973,562,390,335,202,850,376
925,4/21/2019,2,412,55,947,562,692,875,601,552
926,1/2/2019,3,774,260,146,734,367,689,977,254
927,5/16/2020,3,663,905,654,913,107,308,480,998
928,4/4/2020,2,377,77,93,736,768,778,811,69
929,8/9/2019,1,270,390,573,604,345,398,229,150
930,9/6/2019,3,77,678,347,817,339,5,336,517
931,1/23/2019,1,641,150,417,124,460,81,984,194
932,1/27/2019,1,802,445,115,237,535,242,534,4
933,9/28/2019,1,512,10,6,420,978,371,87,887
934,12/5/2019,1,724,133,970,59,796,98,958,617
935,6/29/2019,2,111,98,755,26,613,936,835,145
936,5/10/2019,2,844,202,529,369,694,722,80,984
937,7/16/2019,1,105,603,543,387,952,178,204,45
938,3/11/2019,3,195,819,520,45,57,192,326,944
939,1/4/2019,2,41,473,239,321,155,93,606,170
940,8/5/2019,1,707,260,945,357,118,863,62,88
941,6/27/2019,2,786,199,229,766,596,83,896,175
942,2/5/2019,1,946,972,326,550,156,862,810,137
943,10/17/2019,1,792,240,684,361,541,316,272,530
944,1/17/2020,1,466,158,966,578,616,663,746,310
945,3/9/2020,1,883,112,131,371,88,763,905,396
946,8/10/2019,1,746,406,528,617,596,894,58,456
947,7/25/2019,1,641,528,365,793,744,871,504,910
948,6/14/2019,2,472,575,432,73,346,462,609,32
949,3/3/2020,1,990,578,637,340,964,317,517,24
950,9/16/2019,3,550,605,60,874,220,241,924,140
951,8/27/2019,3,119,825,708,555,304,348,175,897
952,6/15/2019,2,352,434,36,59,552,698,485,853
953,1/25/2019,1,249,922,703,829,764,745,58,613
954,4/6/2020,2,435,862,17,419,392,207,590,900
955,2/26/2019,1,153,47,144,638,935,954,90,758
956,2/15/2019,2,310,409,925,607,591,921,874,559
957,9/22/2019,3,53,712,730,221,145,181,59,227
958,6/4/2019,2,408,277,869,427,217,24,994,880
959,7/13/2019,2,238,804,255,851,60,838,961,519
960,1/19/2019,1,94,88,532,588,472,705,875,413
961,2/19/2020,2,619,99,583,666,488,332,131,972
962,7/19/2019,2,906,214,697,380,483,216,985,197
963,3/29/2020,2,452,391,492,376,312,988,666,47
964,6/13/2020,2,100,881,705,722,899,2,268,301
965,3/6/2020,3,634,809,308,22,335,770,305,750
966,6/18/2019,1,605,285,974,588,18,987,541,111
967,7/12/2020,2,671,673,373,296,248,770,800,735
968,1/31/2020,3,131,29,208,648,809,154,801,172
969,11/5/2019,1,16,327,317,72,919,401,582,380
970,5/25/2020,1,772,197,122,119,326,991,814,300
971,2/20/2019,3,979,491,640,482,967,573,272,167
972,6/1/2020,1,579,108,478,128,627,424,547,417
973,1/22/2019,2,963,959,370,854,15,671,758,379
974,3/27/2020,2,528,514,141,908,23,43,569,135
975,2/4/2019,3,487,752,22,900,533,890,724,286
976,3/13/2020,1,160,324,492,460,296,390,304,809
977,10/3/2019,2,334,125,957,555,265,298,967,753
978,1/6/2020,2,21,709,702,229,253,780,970,79
979,4/26/2020,2,485,438,936,700,446,137,159,144
980,10/27/2019,3,683,666,850,786,31,234,908,70
981,4/11/2019,3,14,296,230,698,133,390,731,525
982,7/29/2019,2,535,456,373,737,677,166,750,741
983,4/13/2019,1,677,129,360,585,61,328,124,533
984,4/19/2019,1,241,278,143,155,624,844,61,916
985,12/9/2019,3,718,977,935,698,41,253,979,629
986,5/10/2019,1,310,539,309,288,818,188,184,528
987,11/5/2019,1,209,234,385,429,360,34,547,394
988,1/23/2019,1,818,738,351,527,961,861,77,428
989,3/12/2020,1,656,492,328,276,608,516,827,44
990,2/13/2019,2,806,334,747,243,210,379,391,753
991,8/13/2019,1,668,158,40,546,982,251,533,651
992,2/12/2020,1,824,162,187,996,993,449,580,133
993,7/14/2019,2,496,184,873,724,553,15,922,296
994,1/1/2020,3,693,1,762,101,684,35,644,676
995,4/5/2019,3,464,34,854,750,89,120,190,748
996,4/7/2020,2,77,693,919,170,380,272,861,580
997,3/2/2019,2,187,429,195,69,816,728,544,410
998,5/18/2019,3,885,899,933,802,154,482,169,422
999,5/12/2019,3,160,949,431,643,272,663,984,665
1000,3/24/2019,3,7,744,744,719,921,290,588,69
